News Org,Tweets Ago,Date,Tweet,Compound,Positive,Neutral,Negative
@BBC,0,Wed Nov 29 19:48:10 +0000 2017,"RT @BBCNewsAsia: In land-scarce Singapore, 'vertical villages' are the way to go: https://t.co/OT5rsMXXA4 https://t.co/dzkRBSkBB0",0.0,0.0,0.0,1.0
@BBC,1,Wed Nov 29 19:45:53 +0000 2017,"RT @BBCNewsbeat: ""America's loss is our gain,"" says the Duchess of Cornwall about Meghan Markle üíñ https://t.co/7zaa4HmTQ8",-0.3182,0.0,0.133,0.867
@BBC,2,Wed Nov 29 19:43:46 +0000 2017,RT @BBCScotlandNews: Three beavers have been released into the wild as part of a programme to reintroduce the animals to Scotland. More: ht‚Ä¶,0.0,0.0,0.0,1.0
@BBC,3,Wed Nov 29 19:41:46 +0000 2017,RT @BBCEngland: Archaeologists believe they've discovered the landing site for Julius Caesar‚Äôs invasion of Britain https://t.co/jm2I3ZOG1E‚Ä¶,0.0,0.0,0.0,1.0
@BBC,4,Wed Nov 29 19:38:12 +0000 2017,RT @bbcweather: Your fabulous photos of Wales: https://t.co/5LTQHRwsKF Jo https://t.co/lbxqbT4vGi,0.5267,0.274,0.0,0.726
@BBC,5,Wed Nov 29 19:36:04 +0000 2017,"RT @bbcmusic: We are SO EXCITED to welcome the amazing @Palomafaith as this week's #SLFN guest host! 
Which songs do you hope she sings?
Wa‚Ä¶",0.9439,0.418,0.0,0.582
@BBC,6,Wed Nov 29 19:35:48 +0000 2017,RT @BBCFood: Are you Christmassing yet? üéÑ #nevertoosoon #mincepie https://t.co/IVYo26i3cP https://t.co/nR2Xh7EKOe,0.0,0.0,0.0,1.0
@BBC,7,Wed Nov 29 19:35:44 +0000 2017,"RT @bbcthesocial: Teaching the police sign language (sort of) üòÇ 

#ScotSquad (via @BBCScotland) https://t.co/WQlW4xo2oI",0.0,0.0,0.0,1.0
@BBC,8,Wed Nov 29 19:28:04 +0000 2017,üéºüéª What's the perfect musical accompaniment for a gloomy winter's night? https://t.co/0a74H9sFHP https://t.co/IWbQCRhpgo,0.4767,0.242,0.105,0.654
@BBC,9,Wed Nov 29 19:05:03 +0000 2017,"Tonight, Mary visits Scone Palace, the epicentre of Scottish history. Mary Berry's Country House Secrets. 8pm on‚Ä¶ https://t.co/QYEEPXBZH8",0.0,0.0,0.0,1.0
@BBC,10,Wed Nov 29 18:33:04 +0000 2017,"üìª In the Victorian era, trousers were referred to as 'inexpressibles'. üóØüëñ This is how the words we use for swearing‚Ä¶ https://t.co/o98Z5W7MrT",0.0,0.0,0.0,1.0
@BBC,11,Wed Nov 29 18:03:05 +0000 2017,When Will Ferrell sang an entire Whitney Houston song at a graduation ceremony. üòÇ üéì Via @BBCOne https://t.co/LkS5FYTXKx,0.0,0.0,0.0,1.0
@BBC,12,Wed Nov 29 17:29:04 +0000 2017,Girl celebrating her 21st birthday receives flowers from Dad who died of cancer five years ago. üíï üíê‚Ä¶ https://t.co/uyJgLAsfV4,-0.6486,0.139,0.3,0.562
@BBC,13,Wed Nov 29 17:05:05 +0000 2017,"When @McInTweet is in disguise and you get a big surprise, that's amore! üçïüé§üé∂ #MichaelMcIntyresBigShow Via @BBCOne https://t.co/nznsdfjzDR",0.1007,0.123,0.103,0.774
@BBC,14,Wed Nov 29 16:33:12 +0000 2017,"üì∫üéÑüéÅ Call The Midwife, Mary Berry's Christmas Party, Doctor Who, 300 Years of French &amp; Saunders and more! Coming to‚Ä¶ https://t.co/nz2i4YfhR7",0.4574,0.13,0.0,0.87
@BBC,15,Wed Nov 29 16:09:40 +0000 2017,RT @BBCWthrWatchers: Will we have a white Christmas? https://t.co/Dt5JDMiPFg #snow https://t.co/AcJFRoykSW,0.0,0.0,0.0,1.0
@BBC,16,Wed Nov 29 14:00:11 +0000 2017,‚ÄòGateway to hell‚Äô ‚Äî the treacherous strait of water that nearly killed literary legend George Orwell.‚Ä¶ https://t.co/2SC4gqQgEL,-0.6705,0.0,0.231,0.769
@BBC,17,Wed Nov 29 13:39:49 +0000 2017,RT @bbccomedy: What do Princes William and Harry call the Queen in private? ü§îüòÇüëë @HaveIgotnews @stephbreakfast https://t.co/zmuflJywW6,0.0,0.0,0.0,1.0
@BBC,18,Wed Nov 29 13:30:02 +0000 2017,"Can this sniffer dog find @AlanDavies1? üê∂

#QI via @BBCTwo.
Watch on @BBCiPlayer. üëâ https://t.co/8GlsOYI8Ej https://t.co/IjRHLZIdmk",0.0,0.0,0.0,1.0
@BBC,19,Wed Nov 29 13:03:03 +0000 2017,Why I want my best friend and me to get couples therapy. üë≠ üí¨ https://t.co/2zCKRy25Wk https://t.co/PvZrlYo86Y,0.8271,0.465,0.0,0.535
@BBC,20,Wed Nov 29 12:28:04 +0000 2017,üìª Is this the end of 'manspreading'? People on social media are calling for women to claim their own space on publi‚Ä¶ https://t.co/ceqejPdavF,0.0,0.0,0.0,1.0
@BBC,21,Wed Nov 29 12:03:01 +0000 2017,Big Shaq was NOT impressed with @scott_mills' impression of @djkhaled. üòÇ Via @BBCR1 https://t.co/XXQ5VOqNCZ,0.6124,0.312,0.0,0.688
@BBC,22,Wed Nov 29 11:59:42 +0000 2017,"RT @BBCOne: Welcome to the family business.

@jginorton stars in #McMafia. Coming soon to @BBCOne. https://t.co/wykft8zQmS",0.4588,0.167,0.0,0.833
@BBC,23,Wed Nov 29 11:41:26 +0000 2017,"'Being a child of the 80s, all I wanted was to be a teenybopper.' üòÇ 

10 things we learned from @NaomiAKlein's‚Ä¶ https://t.co/PsgS905mnA",0.0,0.0,0.0,1.0
@BBC,24,Wed Nov 29 11:27:33 +0000 2017,"RT @BBCTwo: Ryan has one of the most extreme cases of Tourette's in the UK, but he's determined to land his dream job. #EmployableMe https:‚Ä¶",0.6808,0.196,0.0,0.804
@BBC,25,Wed Nov 29 11:23:54 +0000 2017,RT @BBCTwo: Fancy an exclusive look at the next episode of #PeakyBlinders? Arthur's found himself in a precarious situation... üò± https://t.‚Ä¶,0.128,0.077,0.0,0.923
@BBC,26,Wed Nov 29 09:36:43 +0000 2017,"RT @BBCRadio4: So @NaomiAKlein's #DesertIslandDiscs was amazing. Here's what we learnt, in a numbered list. https://t.co/UHlFyQr8ic /1",0.5859,0.202,0.0,0.798
@BBC,27,Wed Nov 29 09:33:03 +0000 2017,Barber Shop Chronicles writer @InuaEllams shares his top culture picks. üìö üé¨ üé≠ https://t.co/zz3cAAkQ4q https://t.co/itkJbyvggg,0.4588,0.286,0.0,0.714
@BBC,28,Wed Nov 29 09:02:06 +0000 2017,What is the capital of Thailand called? The answer might surprise you... üáπ Via @BBCWorldService https://t.co/5H2G23XZaa,0.2732,0.13,0.0,0.87
@BBC,29,Wed Nov 29 08:45:04 +0000 2017,"'My father put me through hell.' üéæ
Jelena Dokic's career success came at a heavy personal price.‚Ä¶ https://t.co/KNkkJVYdoS",0.5719,0.198,0.0,0.802
@BBC,30,Wed Nov 29 08:42:09 +0000 2017,"RT @bbcgetinspired: This is an amazing idea. üôå

Forget the gym! Mermaiding is the new fitness trend that will give you a great workout üßú‚Äç‚ôÄÔ∏è‚Ä¶",0.8553,0.33,0.061,0.609
@BBC,31,Wed Nov 29 08:37:54 +0000 2017,RT @TWBBC: Your phone could help stop disease epidemics. Imagine one day having a biochip which tests for diseases like Zika. (via @Wellcom‚Ä¶,0.4588,0.197,0.083,0.72
@BBC,32,Wed Nov 29 08:37:30 +0000 2017,"RT @CBeebiesHQ: Children at school draw a surgeon, a fighter pilot, and a firefighter.

üë©‚Äç‚öïÔ∏èüë©‚Äç‚úàÔ∏èüë©‚Äçüöí

Most draw them as men.üë®

#RedrawTheBal‚Ä¶",0.1531,0.086,0.0,0.914
@BBC,33,Wed Nov 29 08:36:59 +0000 2017,"RT @bbcpress: üéÅ A special Christmas gift from @BBCiPlayer. Boxsets of drama, natural history, comedy, family favourites, #EastEnders specia‚Ä¶",0.8625,0.449,0.0,0.551
@BBC,34,Wed Nov 29 08:33:05 +0000 2017,Ever wondered how a smartphone is put together? üì± Via @BBCClick https://t.co/APUJaqh7aO,0.0,0.0,0.0,1.0
@BBC,35,Wed Nov 29 08:00:06 +0000 2017,ü§ñüò¨ Artificial Intelligence could overtake humanity by 2045. https://t.co/owm2Hzn3qu https://t.co/XCfxZg85pA,0.4767,0.256,0.0,0.744
@BBC,36,Wed Nov 29 07:38:03 +0000 2017,"'People are wasting time &amp; energy trying to cancel subscriptions.' 
Citizens Advice issue warning about subscriptio‚Ä¶ https://t.co/KLRiSQt14p",-0.6124,0.095,0.32,0.586
@BBC,37,Tue Nov 28 19:42:29 +0000 2017,RT @bbccomedy: When your fella's away and invites his ridiculous parents to help with the kids. üëç #Motherland - 10pm @BBCTwo üëâ https://t.co‚Ä¶,0.0516,0.116,0.108,0.776
@BBC,38,Tue Nov 28 19:42:18 +0000 2017,RT @BBCiPlayer: We'll always love you too Will Ferrell. üòÜüé§ https://t.co/IzrsVsvUE2 https://t.co/Er2sKGutqG,0.6369,0.276,0.0,0.724
@BBC,39,Tue Nov 28 19:39:01 +0000 2017,"RT @BBCR1: Here's 14 of the best Live Lounge performances of 2017 - has your fave made the list? ü§î

https://t.co/aQVHqGBC01",0.7964,0.295,0.0,0.705
@BBC,40,Tue Nov 28 19:38:52 +0000 2017,"RT @bbcthesocial: We've got some weird and pointless world records in Scotland‚Ä¶

@LewisBuchan https://t.co/3PzHyhpDcN",-0.1779,0.0,0.116,0.884
@BBC,41,Tue Nov 28 19:38:42 +0000 2017,"RT @bbcmusic: üî• @CraigDavid and @BastilleDan were pure pop perfection with their FIRST live performance of ‚ÄòI Know You‚Äô on #SLFN
Watch in f‚Ä¶",0.5719,0.144,0.0,0.856
@BBC,42,Tue Nov 28 19:38:36 +0000 2017,RT @BBCSpringwatch: If you can find a red deer more majestic than this chap then you win the internet for today ‚ùÑÔ∏è https://t.co/f0RX7z5fcH,0.5859,0.153,0.0,0.847
@BBC,43,Tue Nov 28 19:38:14 +0000 2017,"RT @BBCOne: ""It's a profoundly human condition.""

#TheAWord cast explain how their personal understanding of autism has changed since filmi‚Ä¶",0.0,0.0,0.0,1.0
@BBC,44,Tue Nov 28 19:38:03 +0000 2017,RT @TWBBC: Postpartum psychosis affects 1/1000 women. Talk mums and mentalhealth today with @bbc5live #mumtakeover (story via @wellcometrus‚Ä¶,0.0,0.0,0.0,1.0
@BBC,45,Tue Nov 28 19:37:49 +0000 2017,"RT @bbcpress: Steven Knight (#PeakyBlinders, #Taboo) will adapt Dickens for @BBCOne to create a boxset of Dickens‚Äô most iconic novels, star‚Ä¶",0.2732,0.1,0.0,0.9
@BBC,46,Tue Nov 28 19:33:15 +0000 2017,"Like a bit of photography? Love historic places?
Check out the winners &amp; runners up from the Historic Photographer‚Ä¶ https://t.co/cCP9bWistD",0.8796,0.388,0.0,0.612
@BBC,47,Tue Nov 28 19:00:01 +0000 2017,"üç∞üòã Indulge yourself with @Nigella_Lawson's white chocolate cheesecake. üëâ https://t.co/Beb6vgCFxp
#AtMyTable via‚Ä¶ https://t.co/drLGUzibYV",0.0,0.0,0.0,1.0
@BBC,48,Tue Nov 28 18:30:07 +0000 2017,"Need to get a decent meal on the table in a flash? These are all fast, tasty &amp; can be made with just a few ingredie‚Ä¶ https://t.co/uCkPqm3ZhP",0.0,0.0,0.0,1.0
@BBC,49,Tue Nov 28 18:00:06 +0000 2017,"Meet Rowland Emmett. Cartoonist. Illustrator. Inventor extraordinaire. 
Via @TWBBC. https://t.co/SUEnPduXTe",0.0,0.0,0.0,1.0
@BBC,50,Tue Nov 28 17:34:03 +0000 2017,Why are so many young people turning vegan? üçäüåΩü•ï https://t.co/Mjyz2lhXKX https://t.co/jHK0aMBet8,0.0,0.0,0.0,1.0
@BBC,51,Tue Nov 28 17:02:04 +0000 2017,Shout out to the Nandem! üëµüî• Big Shaq's collab with Nanna Moe never gets old. Via @BBCR1 https://t.co/1uIkhqknke,0.0,0.0,0.0,1.0
@BBC,52,Tue Nov 28 16:32:03 +0000 2017,The Duchess of Cambridge says she is 'absolutely thrilled' by Prince Harry's engagement to actress Meghan Markle.‚Ä¶ https://t.co/qzTHORRrWJ,0.7346,0.279,0.0,0.721
@BBC,53,Tue Nov 28 15:44:17 +0000 2017,"RT @bbcthree: ""Can I pop them?""

And other things not to say to people with acne. https://t.co/p5CzCaiteJ",0.0,0.0,0.0,1.0
@BBC,54,Tue Nov 28 15:42:48 +0000 2017,"Prince Harry and Meghan Markle will marry at St George's Chapel, Windsor Castle next May. ‚ù§Ô∏èÔ∏èüíç‚Ä¶ https://t.co/qcRVNIF4Fi",0.0,0.0,0.0,1.0
@BBC,55,Tue Nov 28 14:51:03 +0000 2017,From @usainbolt's love of chicken nuggets to @Venuseswilliams' raw food diet: these are the weird things sports sta‚Ä¶ https://t.co/HmEOxd43MN,0.5423,0.183,0.074,0.742
@BBC,56,Tue Nov 28 14:33:07 +0000 2017,üçÅ ‚òÅÔ∏è üì∑ These beautiful photographs capture what the weather looked like around the world last week.‚Ä¶ https://t.co/zdioyskkIW,0.7506,0.314,0.0,0.686
@BBC,57,Tue Nov 28 14:00:18 +0000 2017,üìª 'I'm really mortified by it.' üò≥ Prue Leith on *that* Bake Off tweet. https://t.co/NabKaSRvnN https://t.co/NTdrqb1rc4,0.0,0.0,0.0,1.0
@BBC,58,Tue Nov 28 13:52:02 +0000 2017,"RT @BBCOne: Present-ing your first glimpse of Christmas on BBC One. üéÅ

More info: https://t.co/2qdOBx0Zw9 https://t.co/cyyEI4lF0x",0.0,0.0,0.0,1.0
@BBC,59,Tue Nov 28 13:33:04 +0000 2017,"'Dimber-damber', 'iddy-umpty' and 24 other words we're in danger of losing from the English language. üí¨‚Ä¶ https://t.co/vOsX0epTnm",-0.7184,0.0,0.286,0.714
@BBC,60,Tue Nov 28 13:02:03 +0000 2017,"From painting the town pink to sending postcards, here are 10 creative ways musicians have teased new albums. üé® üìÆ‚Ä¶ https://t.co/KPhg4IEXhP",0.1779,0.126,0.095,0.779
@BBC,61,Tue Nov 28 12:42:12 +0000 2017,"RT @BBC_Teach: How did @mrdanwalker get on with the #TerrificScientific Foot Flexibility Challenge üë£? And was he cheating, @louiseminchin?‚Ä¶",-0.3094,0.172,0.152,0.676
@BBC,62,Tue Nov 28 12:30:03 +0000 2017,"'Oh my God, she's gonna eat the cat food.' 
The purrrrfect prank. üòπ 
#MichaelMcIntyresBigShow via @BBCOne. https://t.co/VTbVdeNlLt",0.2732,0.123,0.0,0.877
@BBC,63,Tue Nov 28 12:12:03 +0000 2017,"Today, @StaceySolomon, @RochelleHumes, @MrsGiFletcher and @NeevOfficial join @AnnaeFoster to host @BBC5Live's‚Ä¶ https://t.co/IHG38zN1uY",0.296,0.167,0.0,0.833
@BBC,64,Tue Nov 28 11:57:59 +0000 2017,"RT @mixital: üí•New @bbcdoctorwho writing challenge!üí• 
Oh dear, it looks like the Doctor needs to go shopping üò± Write and share your #DoctorW‚Ä¶",0.7644,0.285,0.0,0.715
@BBC,65,Tue Nov 28 11:38:12 +0000 2017,"‚ùÑÔ∏èüéÑüéÖ Mary Berry, Snow Bears and more! There's a feast for all the family to enjoy on BBC TV this Christmas.‚Ä¶ https://t.co/BnzmqSIDD3",0.5411,0.149,0.0,0.851
@BBC,66,Tue Nov 28 10:17:56 +0000 2017,"RT @bbcworldservice: Meet the women pushing young girls into school and not marriage. 
Full story: https://t.co/XcSN0wComy
#BBCInnovators h‚Ä¶",0.0,0.0,0.0,1.0
@BBC,67,Tue Nov 28 10:17:12 +0000 2017,"RT @BBCSport: The nominees have been announced.

We're live with a closer look at the 2017 #SPOTY contenders. 

‚û°Ô∏è https://t.co/KP7M2LUfao‚Ä¶",0.0,0.0,0.0,1.0
@BBC,68,Tue Nov 28 09:59:55 +0000 2017,"RT @bbcthree: ""I'm not gonna let my condition beat me.""
Ryan has Tourette's and wants a chance to prove he's employable. https://t.co/R6rwV‚Ä¶",0.25,0.091,0.0,0.909
@BBC,69,Tue Nov 28 09:59:31 +0000 2017,"RT @BBCTwo: Five years ago, Andy had a stroke. Since then, he‚Äôs applied for over 3,000 jobs‚Ä¶ but has only been offered ONE interview. #Empl‚Ä¶",0.0,0.0,0.0,1.0
@BBC,70,Tue Nov 28 09:33:02 +0000 2017,"Did you know that hamsters can hibernate? Lisa nearly buried her pet alive. Now, she's sharing what she's learned.‚Ä¶ https://t.co/274SahWCRm",0.6597,0.231,0.0,0.769
@BBC,71,Tue Nov 28 08:55:04 +0000 2017,Withering wit and words of wisdom: Oscar Wilde's best quotes. üìñ https://t.co/mmkVPb0GGt https://t.co/XERUQWYw6E,0.8225,0.432,0.0,0.568
@BBC,72,Tue Nov 28 08:38:37 +0000 2017,"RT @BBCSport: Here are your contenders for Sports Personality of the Year 2017...

https://t.co/76SwEugYBv #SPOTY https://t.co/PHxjxHLRPw",0.0,0.0,0.0,1.0
@BBC,73,Tue Nov 28 08:35:33 +0000 2017,RT @BBCFood: The perfect weekend breakfast from @Nigella_Lawson. Question is... Can you wait until the weekend? üò≤ ü§§ https://t.co/PYRqTXhBr2‚Ä¶,0.5719,0.188,0.0,0.812
@BBC,74,Tue Nov 28 08:35:11 +0000 2017,RT @BBCWthrWatchers: Happy Tuesday!üòä https://t.co/oPgNkuTPpv,0.6114,0.499,0.0,0.501
@BBC,75,Tue Nov 28 08:34:51 +0000 2017,"RT @bbcdoctorwho: Enchanted glass people, stealing their victims from frozen time?
It can only be the #DoctorWho Christmas Special!
‚ùÑ https‚Ä¶",-0.2481,0.192,0.228,0.58
@BBC,76,Tue Nov 28 08:32:04 +0000 2017,"At first glance, these photos appear to show 'alien' underwater creatures but closer inspection reveals something f‚Ä¶ https://t.co/B7h2lL4jRw",0.0,0.0,0.0,1.0
@BBC,77,Tue Nov 28 08:00:02 +0000 2017,"'The thing about grief, is that it doesn't wait for your weekly counselling appointment.'
Via @BBC5Live https://t.co/nr0UxWK5ra",-0.4939,0.0,0.167,0.833
@BBC,78,Tue Nov 28 07:38:03 +0000 2017,"According to scientific research, these 5 types of photograph are soothing. üíû üì∑ https://t.co/7E4Uc18A7v https://t.co/h39WqbLjsY",0.3182,0.173,0.0,0.827
@BBC,79,Mon Nov 27 22:06:03 +0000 2017,Why Prince Harry and Meghan Markle's engagement is a royal shake-up. üíç https://t.co/ipTRUtkC0r https://t.co/eqRy19Txe0,0.4588,0.214,0.0,0.786
@BBC,80,Mon Nov 27 21:24:04 +0000 2017,Celebrate #LancashireDay with a selection of stunning photographs from across the county. üå≥üçÉüì∑‚Ä¶ https://t.co/L91Cd1kd9k,0.743,0.364,0.0,0.636
@BBC,81,Mon Nov 27 21:05:04 +0000 2017,Experience daily life in the streets of Aleppo through the eyes of volunteers from the White Helmets. Storyville: L‚Ä¶ https://t.co/2Of7uBnPKo,0.0,0.0,0.0,1.0
@BBC,82,Mon Nov 27 20:34:03 +0000 2017,Britain's most extraordinary job seekers aim to prove that having a neurological condition shouldn't make them unem‚Ä¶ https://t.co/vZCio5XlQV,0.0,0.0,0.0,1.0
@BBC,83,Mon Nov 27 20:07:05 +0000 2017,Six of the wackiest marriage proposals to light up your day. üíçüííhttps://t.co/BY1DGxQzvx https://t.co/ds7ZGo1xIn,0.0,0.0,0.0,1.0
@BBC,84,Mon Nov 27 19:41:28 +0000 2017,RT @BBCSport: @Elise_Christie @Mo_Farah @chrisfroome @LewisHamilton @anthonyfjoshua @HKane @JoKonta91 @JonniePeacock @adam_peaty @jonathanr‚Ä¶,0.0,0.0,0.0,1.0
@BBC,85,Mon Nov 27 19:38:53 +0000 2017,üêî‚ù§Ô∏èÔ∏è How Prince Harry popped the question to Meghan Markle. Via @BBCBreaking. #RoyalWedding https://t.co/PCNQRr5t0p,0.0,0.0,0.0,1.0
@BBC,86,Mon Nov 27 19:26:08 +0000 2017,"RT @BBCCiN: With your ¬£50.1 million, we can continue to fund people like Charlotte, a speech &amp; language therapist at @Elizabeth_found in Po‚Ä¶",0.3612,0.106,0.0,0.894
@BBC,87,Mon Nov 27 19:24:55 +0000 2017,"RT @BBCBreaking: ""It was just an amazing surprise"" - Meghan Markle on the moment Prince Harry proposed to her https://t.co/7pnNzobbc9 #roya‚Ä¶",0.7096,0.247,0.0,0.753
@BBC,88,Mon Nov 27 19:24:45 +0000 2017,"RT @BBCRadio3: Let's face it, #SacredRiver was amazing.
https://t.co/0tnIS5vSG2",0.5859,0.322,0.0,0.678
@BBC,89,Mon Nov 27 19:24:35 +0000 2017,"RT @BBCSport: Here come the contenders for BBC Sports Personality of the Year 2017...

Watch the #SPOTY announcement live here: https://t.c‚Ä¶",0.0,0.0,0.0,1.0
@BBC,90,Mon Nov 27 19:00:03 +0000 2017,18 years in an abusive relationship left Rina with physical &amp; mental scars but now her tattoos tell a story of surv‚Ä¶ https://t.co/HfNzMO5sFE,-0.3818,0.0,0.11,0.89
@BBC,91,Mon Nov 27 18:56:21 +0000 2017,Prince Harry and Meghan Markle talk to the BBC following the announcement of their engagement. Tonight on @BBCOne a‚Ä¶ https://t.co/24rVtRTNue,0.4588,0.136,0.0,0.864
@BBC,92,Mon Nov 27 18:33:04 +0000 2017,"üî• RED HOT üî•
The calendar turning British red-headed men into naked pin-ups. üìÜ https://t.co/RoC5THStPr https://t.co/V0ruxLT5iq",0.0,0.0,0.0,1.0
@BBC,93,Mon Nov 27 18:02:03 +0000 2017,Harry and Meghan: A Royal Engagement. Tonight at 7:30pm on @BBCOne. ‚ù§Ô∏èÔ∏èüíç https://t.co/6NxH13X1c4 https://t.co/yDyOmtMHg4,0.4588,0.2,0.0,0.8
@BBC,94,Mon Nov 27 17:33:04 +0000 2017,Would you know what to do in a medical emergency? üöë ü§ï üö® Here are 7 simple first aid techniques that can help save l‚Ä¶ https://t.co/VOhpQtodKg,0.5106,0.223,0.098,0.679
@BBC,95,Mon Nov 27 17:00:03 +0000 2017,"What happens when driverless cars have to make complex, split second, moral decisions, like if a child runs onto th‚Ä¶ https://t.co/7lVhteWEhY",0.3612,0.116,0.0,0.884
@BBC,96,Mon Nov 27 16:02:05 +0000 2017,"üí´ The #SoundOf2018 longlist has been announced üí´
Who's going to take out the top spot? ü§î https://t.co/BYok9jX1iW https://t.co/L4uGWqNmgJ",0.2023,0.107,0.0,0.893
@BBC,97,Mon Nov 27 15:23:03 +0000 2017,"'When did I know she was the one? Very first time we met.'
Prince Harry and Meghan Markle appear for photos outside‚Ä¶ https://t.co/olk3QpYRyb",0.0,0.0,0.0,1.0
@BBC,98,Mon Nov 27 15:19:52 +0000 2017,"RT @bbcpress: üÜï @MishalHusainBBC will interview #PrinceHarry and Meghan Markle today on behalf of all broadcasters.

üì∫ Watch on @BBCNews, 6‚Ä¶",0.0,0.0,0.0,1.0
@BBC,99,Mon Nov 27 15:18:43 +0000 2017,"RT @BBC6Music: Explore BBC Radio 6 Music Recommends' Top 10 Albums of 2017

https://t.co/Qpe0NrFYhH",0.4019,0.252,0.0,0.748
@CBS,0,Wed Nov 29 20:15:57 +0000 2017,You'll treasure this special night with #BrunoMars! Find out how to watch Bruno Mars: 24K Live at the Apollo tonigh‚Ä¶ https://t.co/9sUgnHnnpM,0.6825,0.228,0.0,0.772
@CBS,1,Wed Nov 29 15:00:07 +0000 2017,The 'Only Angel' @Harry_Styles saw last night were the ones on the runway! Watch him perform at the #VSFashionShow:‚Ä¶ https://t.co/na8GAiZwmS,0.0,0.0,0.0,1.0
@CBS,2,Wed Nov 29 12:00:06 +0000 2017,This entire collection is drop-dead gorgeous. See all the most sizzling looks from the 2017 #VSFashionShow:‚Ä¶ https://t.co/zpTKXcm05r,0.6124,0.2,0.0,0.8
@CBS,3,Wed Nov 29 09:09:48 +0000 2017,"Stars @Miguel, @Harry_Styles, @leslieodomjr &amp; more set the tone for a truly incredible show! Watch all the musical‚Ä¶ https://t.co/kmo4l3aGai",0.4926,0.158,0.0,0.842
@CBS,4,Wed Nov 29 08:39:05 +0000 2017,Some of the best moments happen behind the scenes! Here's your backstage pass to the 2017 Victoria's Secret Fashion‚Ä¶ https://t.co/S8MpOnhC6b,0.6696,0.191,0.0,0.809
@CBS,5,Wed Nov 29 08:22:35 +0000 2017,"From the sky-high heels to the jaw-dropping wings, these outfits are fashion goals! See all the best looks from the‚Ä¶ https://t.co/GnyZ8NnBYH",0.6696,0.183,0.0,0.817
@CBS,6,Wed Nov 29 07:56:05 +0000 2017,Missed the world‚Äôs most celebrated fashion show? Catch up on your own time and watch the entire 2017 Victoria's Sec‚Ä¶ https://t.co/9OuYvHItzh,0.4201,0.158,0.087,0.754
@CBS,7,Wed Nov 29 06:41:12 +0000 2017,"RT @VictoriasSecret: That‚Äôs a wrap on the 2017 #VSFashionShow!! BIG thanks to the Angels, the people of Shanghai &amp; YOU for watching! https:‚Ä¶",0.5826,0.152,0.0,0.848
@CBS,8,Wed Nov 29 04:13:05 +0000 2017,Want to relive all of your favorite #VSFashionShow runway moments?  @GIPHY has you covered. https://t.co/mgfziAQR4c,0.5106,0.249,0.0,0.751
@CBS,9,Wed Nov 29 04:02:16 +0000 2017,"RT @vannalovescats: Another successful show. I‚Äôm so proud of all of the beautiful ladies, they all did amazing. The musical guests were FAN‚Ä¶",0.9476,0.449,0.0,0.551
@CBS,10,Wed Nov 29 04:00:58 +0000 2017,55 Models. 88 Looks. 1 FABULOUS Night. #VSFashionShow https://t.co/TmYqRjDRE5,0.6289,0.371,0.0,0.629
@CBS,11,Wed Nov 29 03:57:07 +0000 2017,Two. Million. Dollar. Bra. üòÆ  #VSFashionShow https://t.co/4dp7RbMHlp,0.0,0.0,0.0,1.0
@CBS,12,Wed Nov 29 03:56:08 +0000 2017,RT @exclvdes: HARRY SINGING ANGEL FOR THE ANGELS HAS ME CRYING #VSFashionShow,-0.5904,0.0,0.258,0.742
@CBS,13,Wed Nov 29 03:53:09 +0000 2017,RT @victoriaa_POW: how does one become a vs angel overnight......asking for a friend #vsfashionshow,0.4939,0.225,0.0,0.775
@CBS,14,Wed Nov 29 03:52:28 +0000 2017,RT @MzShortNSweet_: Guys it's almost done... I can notüò©üíÜüèæüíñüíïüòò‚ú® #VSFashionShow,0.0,0.0,0.0,1.0
@CBS,15,Wed Nov 29 03:47:11 +0000 2017,Absolute goddess. #VSFashionShow https://t.co/cSCwwFltQW,0.0,0.0,0.0,1.0
@CBS,16,Wed Nov 29 03:45:32 +0000 2017,FIERCE. #VSFashionShow https://t.co/VNlXH4Z3kJ,0.0,0.0,0.0,1.0
@CBS,17,Wed Nov 29 03:42:10 +0000 2017,RT @__lowens: Is it just me or are the models this year EXTRA beautiful? #Diversity #VSFashionShow,0.5994,0.206,0.0,0.794
@CBS,18,Wed Nov 29 03:39:21 +0000 2017,RT @Ceci20GS: Can‚Äôt believe this is @AngelAlessandra last walk üò≠#VSFashionShow,0.0,0.0,0.0,1.0
@CBS,19,Wed Nov 29 03:36:37 +0000 2017,RT @JustHedyJ: All these ladies are so beautiful I love them all. #VSFashionShow,0.8878,0.486,0.0,0.514
@CBS,20,Wed Nov 29 03:34:35 +0000 2017,üíñ #VSFashionShow https://t.co/Vs9sktkL8c,0.0,0.0,0.0,1.0
@CBS,21,Wed Nov 29 03:26:10 +0000 2017,"It's not about how we fall, it's about how we get up. #VSFashionShow https://t.co/NCe08O8OjU",0.0,0.0,0.0,1.0
@CBS,22,Wed Nov 29 03:22:53 +0000 2017,Runway ready! #VSFashionShow https://t.co/tUeJ2A6xRx,0.4199,0.482,0.0,0.518
@CBS,23,Wed Nov 29 03:22:27 +0000 2017,RT @VictoriasSecret: That VOICE üò±! @leslieodomjr making us actually excited for ‚ùÑ. #VSFashionShow https://t.co/peaKzrveKi,0.4003,0.172,0.0,0.828
@CBS,24,Wed Nov 29 03:20:56 +0000 2017,RT @SaraSampaio: It‚Äôs show time! Tune in now on cbs #vsfashionshow https://t.co/u75WfqCJr7,0.0,0.0,0.0,1.0
@CBS,25,Wed Nov 29 03:18:45 +0000 2017,These Angels can do anything. üëä #VSFashionShow https://t.co/7vz0zSz6Yc,0.0,0.0,0.0,1.0
@CBS,26,Wed Nov 29 03:16:50 +0000 2017,"RT @airfly111: IT'S MY FAVORITE NIGHT OF THE YEAR! #VSFashionShow
üôå‚ù§Ô∏è",0.6155,0.287,0.0,0.713
@CBS,27,Wed Nov 29 03:11:29 +0000 2017,Porcelain perfection. üòò  #VSFashionShow https://t.co/XQe14ycc1j,0.5719,0.552,0.0,0.448
@CBS,28,Wed Nov 29 03:10:51 +0000 2017,RT @EbtheCeleb: Saaaaannnngg Miguel #VSFashionShow,0.0,0.0,0.0,1.0
@CBS,29,Wed Nov 29 03:07:06 +0000 2017,When you know you SLAYED your walk. #VSFashionShow https://t.co/ZXVwioihIP,0.0,0.0,0.0,1.0
@CBS,30,Wed Nov 29 03:04:59 +0000 2017,.@Harry_Styles is killing it on stage right now. #VSFashionShow https://t.co/TtJHP1ZPOM,-0.6597,0.0,0.328,0.672
@CBS,31,Wed Nov 29 02:56:00 +0000 2017,"Grab your bestie, it‚Äôs time for the #VSFashionShow! https://t.co/0lqrCDrsBA",0.0,0.0,0.0,1.0
@CBS,32,Wed Nov 29 02:53:04 +0000 2017,This is what Tuesday night dreams are made of. Stay in with the #VSFashionShow tonight at 10/9c on CBS! Use code LE‚Ä¶ https://t.co/Gzp3guuj8A,0.4574,0.12,0.0,0.88
@CBS,33,Wed Nov 29 02:24:15 +0000 2017,The #VSFashionShow Angels have arrived on the PINK Carpet! See them here: https://t.co/rWLPkoL3A1 https://t.co/CNCskef9xu,0.0,0.0,0.0,1.0
@CBS,34,Wed Nov 29 00:43:55 +0000 2017,Get in the holiday spirit tonight with a classic special! Watch Rudolph the Red-Nosed Reindeer at 8/7c on CBS.‚Ä¶ https://t.co/TbTrPebanb,0.75,0.316,0.0,0.684
@CBS,35,Tue Nov 28 23:38:24 +0000 2017,"Join the Angels in Shanghai at the 2017 #VSFashionShow tonight @ 10/9c on CBS, or stream it live on CBS All Access:‚Ä¶ https://t.co/UZ6omchwEt",0.296,0.095,0.0,0.905
@CBS,36,Tue Nov 28 23:02:06 +0000 2017,"Tomorrow night, Bruno Mars will take you on a joyride with Bruno Mars: 24K Live at the Apollo at 10/9c on CBS and C‚Ä¶ https://t.co/XjmvRDmshi",0.2732,0.084,0.0,0.916
@CBS,37,Tue Nov 28 21:33:30 +0000 2017,"Over 250,000 crystals adorn Angel Elsa Hosk's stunning look! Don't miss the #VSFashionShow tonight @ 10/9c on CBS:‚Ä¶ https://t.co/I7Cj01F1XO",0.6412,0.294,0.0,0.706
@CBS,38,Tue Nov 28 20:36:19 +0000 2017,"RT @CBSThisMorning: WATCH: @BrunoMars sits down with @GayleKing ahead of Wednesday‚Äôs #24KMagic Live special at @ApolloTheater on @CBS!  

F‚Ä¶",0.4574,0.143,0.0,0.857
@CBS,39,Tue Nov 28 19:35:16 +0000 2017,It's almost showtime! Head backstage with the Angels &amp; performers @Miguel and @LeslieOdomJr as they prepare for the‚Ä¶ https://t.co/G7tzZiUG6Z,0.0,0.0,0.0,1.0
@CBS,40,Tue Nov 28 17:00:03 +0000 2017,"She's an Angel! Tonight, @Harry_Styles hits the runway at the #VSFashionShow @ 10/9c on CBS &amp; CBS All Access:‚Ä¶ https://t.co/PowmtV0e9V",0.0,0.0,0.0,1.0
@CBS,41,Tue Nov 28 15:31:01 +0000 2017,"Craving more fashion?

Go behind the scenes LIVE on Facebook at 6:15ET before tonight‚Äôs #VSFashionShow with @etnow‚Äô‚Ä¶ https://t.co/YkZSxzXsVo",0.0,0.0,0.0,1.0
@CBS,42,Tue Nov 28 15:00:05 +0000 2017,Spread your wings &amp; fly to Shanghai tonight! Here's how to watch the #VSFashionShow @ 10/9c on CBS &amp; CBS All Access‚Ä¶ https://t.co/pixsXXIN1w,0.0,0.0,0.0,1.0
@CBS,43,Tue Nov 28 14:25:21 +0000 2017,"Congrats to Jay-Z, @KendrickLamar, @BrunoMars, @Lorde, @LadyGaga and all the 2018 #GRAMMYs nominees! See the comple‚Ä¶ https://t.co/KLX6VHIfX7",0.5707,0.187,0.0,0.813
@CBS,44,Tue Nov 28 01:37:07 +0000 2017,Go backstage with the Angels as they get ready to walk the runway! Watch the #VSFashionShow tomorrow at 10/9c on CB‚Ä¶ https://t.co/o98pKc51Zq,0.4199,0.117,0.0,0.883
@CBS,45,Tue Nov 28 00:09:46 +0000 2017,Bruno Mars is taking over New York City this Wed with Bruno Mars: 24K Magic Live at the Apollo! Tune in @ 10/9c on‚Ä¶ https://t.co/A871bmdHiU,0.0,0.0,0.0,1.0
@CBS,46,Mon Nov 27 22:03:36 +0000 2017,"Tomorrow, don't miss the sexiest night on television when the #VSFashionShow airs @ 10/9c on CBS, or stream it with‚Ä¶ https://t.co/O00i3BItsG",0.1139,0.071,0.0,0.929
@CBS,47,Mon Nov 27 20:02:27 +0000 2017,Make all your streams come true with a 1-month FREE trial of #CBSAllAccess. Use promo code LETSGO by 12/4:‚Ä¶ https://t.co/G9trBBmefn,0.7804,0.287,0.0,0.713
@CBS,48,Mon Nov 27 18:32:06 +0000 2017,"Singer-songwriter @JoshGroban will headline the #Home4Holidays adoption special along with @kelly_clarkson,‚Ä¶ https://t.co/EgzxIsLhjv",0.4019,0.197,0.0,0.803
@CBS,49,Mon Nov 27 12:01:03 +0000 2017,"Tomorrow, don't miss @Harry_Styles perform alongside the Angels at the #VSFashionShow! Tune in at 10/9c on CBS &amp; CB‚Ä¶ https://t.co/a0fxt0rqUf",0.1867,0.084,0.0,0.916
@CBS,50,Mon Nov 27 00:53:16 +0000 2017,Due to #NFL football overrun #CBS is delayed in east &amp; central time zones. New start times #60minutes 7:46ET/6:46CT‚Ä¶ https://t.co/tA6gF7rkGX,-0.2263,0.0,0.091,0.909
@CBS,51,Mon Nov 27 00:16:34 +0000 2017,"RT @RecordingAcad: Two days left 'til #GRAMMYs nominations! üôå Are you excited? 

RT if you're counting down with us! üé∂ https://t.co/11tdE0k‚Ä¶",0.4559,0.142,0.0,0.858
@CBS,52,Mon Nov 27 00:15:41 +0000 2017,"Spread some holiday cheer with the heartwarming Christmas classic, The Story of Santa Claus! Watch the full special‚Ä¶ https://t.co/3TQ6qjpzK6",0.8553,0.37,0.0,0.63
@CBS,53,Sun Nov 26 23:17:42 +0000 2017,Glimpse the Angels' breathtaking ensembles before the Victoria's Secret Fashion Show! Watch the #VSFashionShow Tues‚Ä¶ https://t.co/OaDQQZsoHW,0.5093,0.18,0.0,0.82
@CBS,54,Sun Nov 26 21:01:23 +0000 2017,"In 2 days, supermodels like @BellaHadid will strut the runway in Shanghai at the 2017 #VSFashionShow, Tues @ 10/9c‚Ä¶ https://t.co/Bx7ou8GgSc",0.3612,0.128,0.0,0.872
@CBS,55,Sun Nov 26 15:00:05 +0000 2017,"Uh, look out! Bruno Mars: 24K Magic Live at the Apollo airs Wednesday at 10/9c on CBS and CBS All Access! https://t.co/l4slX4oNou",0.0,0.0,0.0,1.0
@CBS,56,Sun Nov 26 12:00:01 +0000 2017,"In one week, celebrate with Carol Burnett &amp; friends with The Carol Burnett 50th Anniversary Special, Sunday, Dec. 3‚Ä¶ https://t.co/mlZQYYYGik",0.8591,0.358,0.0,0.642
@CBS,57,Sun Nov 26 05:26:40 +0000 2017,'Robbie the Reindeer: Hooves of Fire' &amp; 'Robbie the Reindeer: Legend of the Lost Tribe' features the voices of Ben‚Ä¶ https://t.co/5fVvEgbUen,-0.5719,0.0,0.198,0.802
@CBS,58,Sun Nov 26 01:00:08 +0000 2017,Celebrate with a classic holiday special tonight! Watch The Story of Santa Claus at 9/8c on CBS &amp; CBS All Access:‚Ä¶ https://t.co/JKHhuGQz19,0.8553,0.343,0.0,0.657
@CBS,59,Sat Nov 25 23:30:01 +0000 2017,"Tonight, watch two holiday specials w/ Robbie the Reindeer: Hooves of Fire starting @ 8/7c on CBS &amp; CBS All Access:‚Ä¶ https://t.co/YT3norBieN",0.0772,0.112,0.1,0.788
@CBS,60,Sat Nov 25 21:59:01 +0000 2017,"Only 3 more days until the Angels take flight in Shanghai! Watch the #VSFashionShow Tues, Nov. 28 @ 10/9c on CBS &amp;‚Ä¶ https://t.co/OK12P30i8k",0.0,0.0,0.0,1.0
@CBS,61,Sat Nov 25 20:56:31 +0000 2017,Come along as Victoria's Secret top execs share an exclusive inside look behind the 2017 #VSFashionShow! Tune in Tu‚Ä¶ https://t.co/jae1jA5jXL,0.5848,0.254,0.0,0.746
@CBS,62,Sat Nov 25 15:00:07 +0000 2017,"In 4 days, let Bruno Mars light up your night with Bruno Mars: 24K Magic Live at the Apollo, Wednesday at 10/9c on‚Ä¶ https://t.co/mQoZppXcDH",0.0,0.0,0.0,1.0
@CBS,63,Sat Nov 25 12:00:06 +0000 2017,Don't miss Angel Lais Ribeiro hit the runway in the 2017 Champagne Nights Fantasy Bra! Watch the #VSFashionShow Tue‚Ä¶ https://t.co/qK9ZGXQsWA,0.4471,0.179,0.0,0.821
@CBS,64,Sat Nov 25 08:07:03 +0000 2017,Relive all the incredible music memories from 'GRAMMYs¬Æ Greatest Stories: A 60th Anniversary Special'. Watch it now‚Ä¶ https://t.co/t0LarCTxO1,0.6369,0.208,0.0,0.792
@CBS,65,Sat Nov 25 01:00:03 +0000 2017,"Keep the holiday spirit alive and watch Frosty Returns tonight at 8:30/7:30c on CBS, or stream it on CBS All Access‚Ä¶ https://t.co/GMq5MoTt0h",0.7184,0.269,0.0,0.731
@CBS,66,Sat Nov 25 00:43:31 +0000 2017,"Watch these musical Christmas classics come to life when Frosty the Snowman and Frosty Returns air tonight, startin‚Ä¶ https://t.co/OwKCQbBDxu",0.0,0.0,0.0,1.0
@CBS,67,Fri Nov 24 23:37:02 +0000 2017,"Tonight, take a trip down music memory lane with 'GRAMMYs¬Æ Greatest Stories: A 60th Anniversary Special' at 9/8c on‚Ä¶ https://t.co/kqGJCqKFLN",0.7845,0.301,0.0,0.699
@CBS,68,Fri Nov 24 15:00:03 +0000 2017,"Discover the 15 most innovative wings from the #VSFashionShow, ever! Tune in Tues @ 10/9c on CBS &amp; CBS All Access.‚Ä¶ https://t.co/YoEZ4mMjGG",0.54,0.148,0.0,0.852
@CBS,69,Fri Nov 24 14:56:13 +0000 2017,CBS is back on DISH! We are pleased that DISH customers will continue to watch America‚Äôs #1 Network incl. @NFLonCBS‚Ä¶ https://t.co/UDFrAMuYaF,0.4926,0.138,0.0,0.862
@CBS,70,Fri Nov 24 13:57:14 +0000 2017,Stream the Missouri Tigers @ Arkansas Razorbacks LIVE today at 2:30PM ET!  Try #CBSAllAccess FREE:‚Ä¶ https://t.co/C3HvEyEXYt,0.0,0.0,0.0,1.0
@CBS,71,Fri Nov 24 12:00:01 +0000 2017,"Here's how to watch GRAMMYs¬Æ Greatest Stories: A 60th Anniversary Special, tonight at 9/8c on CBS &amp; CBS All Access:‚Ä¶ https://t.co/FROGSUmh6F",0.7845,0.277,0.0,0.723
@CBS,72,Thu Nov 23 20:18:29 +0000 2017,"Revist some of last year's most incredible looks and get excited for the 2017 Victoria's Secret Fashion Show, Tuesd‚Ä¶ https://t.co/BSgfQFFino",0.34,0.112,0.0,0.888
@CBS,73,Thu Nov 23 17:15:35 +0000 2017,Stream the Los Angeles Chargers @ Dallas Cowboys LIVE today at 4:30PM ET! Try #CBSAllAccess FREE (not available on‚Ä¶ https://t.co/iBIvCQ5Jsf,0.6514,0.194,0.0,0.806
@CBS,74,Thu Nov 23 15:07:33 +0000 2017,Happy Thanksgiving! Watch @KelseaBallerini perform today on The Thanksgiving Day Parade on CBS:‚Ä¶ https://t.co/2mT5804Sjf,0.6114,0.235,0.0,0.765
@CBS,75,Wed Nov 22 23:08:26 +0000 2017,RT @startrekcbs: Indulge yourself and binge-watch Chapter 1 of #StarTrekDiscovery on CBS All Access. Catch up now: https://t.co/XlQOtieVMM‚Ä¶,0.0,0.0,0.0,1.0
@CBS,76,Wed Nov 22 22:45:04 +0000 2017,"Tomorrow, kick off your holiday with The Thanksgiving Day Parade on CBS! See the full lineup of holiday specials:‚Ä¶ https://t.co/BQtMHn61B5",0.69,0.24,0.0,0.76
@CBS,77,Wed Nov 22 21:18:51 +0000 2017,"Watch @edsheeran reflect on his first performance at the 2013 #GRAMMYs alongside his mentor, Elton John.‚Ä¶ https://t.co/Rl0Y84wHId",0.0,0.0,0.0,1.0
@CBS,78,Wed Nov 22 20:44:16 +0000 2017,RT @BullCBS: Dr. #Bull is flying solo on this case. Stream the latest episode now: https://t.co/gtFEWEAeqP https://t.co/PdgizNE8eK,0.0,0.0,0.0,1.0
@CBS,79,Wed Nov 22 17:45:04 +0000 2017,"Here's your first look at the 2017 Victoria's Secret Fashion Show! Tune in Tues, Nov. 28 @ 10/9c.‚Ä¶ https://t.co/L4CG784gKf",0.0,0.0,0.0,1.0
@CBS,80,Wed Nov 22 15:00:08 +0000 2017,"Only one week until you can dance the night away with Bruno Mars: 24K Magic Live at the Apollo Wed, Nov. 29 @ 10/9c‚Ä¶ https://t.co/ZgODJ387QJ",0.0,0.0,0.0,1.0
@CBS,81,Wed Nov 22 12:00:05 +0000 2017,Join @CarrieUnderwood &amp; @JohnLegend for 'GRAMMYs¬Æ Greatest Stories: A 60th Anniversary Special' this Friday @ 9/8c‚Ä¶ https://t.co/lAvhR1j66W,0.8442,0.431,0.0,0.569
@CBS,82,Tue Nov 21 22:09:07 +0000 2017,"In one week, don't miss the fashion and fun when the Victoria's Secret Fashion Show heads to China on Tues, Nov. 28‚Ä¶ https://t.co/VHMZYJS38B",0.5781,0.184,0.0,0.816
@CBS,83,Tue Nov 21 21:33:24 +0000 2017,"GRAMMY winner @blakeshelton recalls his performance with country legends @merlehaggard, Kris Kristofferson &amp;‚Ä¶ https://t.co/8RfFVRgYXb",0.5859,0.226,0.0,0.774
@CBS,84,Tue Nov 21 20:17:35 +0000 2017,Are you ready for the concert event of the year? Bruno Mars: 24K Magic Live at the Apollo is coming to CBS on Wedne‚Ä¶ https://t.co/OBI6LtE4d1,0.3612,0.094,0.0,0.906
@CBS,85,Tue Nov 21 19:53:08 +0000 2017,"@r0bb2011 @alexmobbin We are working hard towards a resolution. In the meantime, visit https://t.co/dfpd89QvNj for‚Ä¶ https://t.co/Dji31Jh9Tm",-0.1027,0.0,0.091,0.909
@CBS,86,Tue Nov 21 19:51:56 +0000 2017,"@DesireeDesireea @lilnorthrnchick @CBSNews We are working hard towards a resolution. In the meantime, visit‚Ä¶ https://t.co/uSA0jZRGr6",-0.1027,0.0,0.097,0.903
@CBS,87,Tue Nov 21 14:52:23 +0000 2017,"Less than two weeks until you can revisit the magic with 'The Carol Burnett 50th Anniversary Special' Sunday, Dec.‚Ä¶ https://t.co/Ikur8XhUsT",0.4019,0.124,0.0,0.876
@CBS,88,Tue Nov 21 12:03:01 +0000 2017,"Christina Aguilera (@xtina) tells the candid story about her intimate, vulnerable performance of ""Beautiful"" at the‚Ä¶ https://t.co/903yuTNrF7",-0.2263,0.0,0.106,0.894
@CBS,89,Tue Nov 21 06:57:32 +0000 2017,DISH customers: DISH has dropped CBS.  Call 1-855-5-Keep-Us to tell them to keep CBS.  Stay informed at https://t.co/dfpd89QvNj,0.0,0.0,0.0,1.0
@CBS,90,Tue Nov 21 01:27:25 +0000 2017,"Don't miss BRUNO MARS: 24K MAGIC LIVE AT THE APOLLO Wednesday, Nov. 29 at 10/9c on CBS &amp; CBS All Access! https://t.co/2fCyDsaiqL",0.1867,0.076,0.0,0.924
@CBS,91,Mon Nov 20 22:16:49 +0000 2017,"The story of how @jtimberlake ended up performing alongside ""the Reverend"" Al Green at the #GRAMMYs in 2009:‚Ä¶ https://t.co/lDI0jffrpl",0.0,0.0,0.0,1.0
@CBS,92,Mon Nov 20 22:07:47 +0000 2017,"Superstars @Harry_Styles &amp; @Miguel will perform at the 2017 Victoria's Secret Fashion Show! Tune in Tues, Nov. 28 @‚Ä¶ https://t.co/aRaWCeZ7sq",0.0,0.0,0.0,1.0
@CBS,93,Mon Nov 20 20:20:51 +0000 2017,"Meet the artisans who bring the Victoria's Secret angel wings to life! Don't miss the #VSFashionShow Tues, Nov. 28‚Ä¶ https://t.co/swWUXrYZQ6",0.1867,0.084,0.0,0.916
@CBS,94,Mon Nov 20 18:50:53 +0000 2017,Celebrate five decades of music and memories with 'GRAMMYs¬Æ Greatest Stories: A 60th Anniversary Special' this Frid‚Ä¶ https://t.co/gzVXqdBmWe,0.891,0.431,0.0,0.569
@CBS,95,Mon Nov 20 00:41:54 +0000 2017,Due to football overrun #CBS is delayed 5 mins in east &amp; central time zones. New start times #60minutes 7:35ET/6:35‚Ä¶ https://t.co/4m9yvh4o3M,-0.2263,0.0,0.091,0.909
@CBS,96,Sun Nov 19 14:53:05 +0000 2017,Get ready for football! Stream NFL on CBS today with #CBSAllAccess (not available on mobile phones). Try 1 week FRE‚Ä¶ https://t.co/RTHdvhkGQN,0.4199,0.128,0.0,0.872
@CBS,97,Sat Nov 18 17:33:07 +0000 2017,Stream the Kentucky Wildcats at Georgia Bulldogs LIVE today at 3:30PM ET! Try #CBSAllAccess FREE:‚Ä¶ https://t.co/Azsj50hX7H,0.0,0.0,0.0,1.0
@CBS,98,Thu Nov 16 20:49:50 +0000 2017,"Spread your wings and fly to Shanghai for a behind-the-scenes look at the 2017 #VSFashionShow venue! Tune in Tues,‚Ä¶ https://t.co/NQttk90SWE",0.0,0.0,0.0,1.0
@CBS,99,Thu Nov 16 01:00:45 +0000 2017,RT @latelateshow: Ready for new tunes? @zanelowe drops by tonight with the latest @AppleMusic #UpNext artist ‚Äî @AmySharkMusic! https://t.co‚Ä¶,0.4199,0.141,0.0,0.859
@CNN,0,Wed Nov 29 20:32:52 +0000 2017,"President Trump on tax reform: ""If we do this, America will win again like never ever before""‚Ä¶ https://t.co/m6sZMYLLbX",0.743,0.283,0.0,0.717
@CNN,1,Wed Nov 29 20:25:43 +0000 2017,President Trump makes a pitch for the Republican plan for tax reform in Missouri. Watch live:‚Ä¶ https://t.co/iUIEX7QWcC,0.0,0.0,0.0,1.0
@CNN,2,Wed Nov 29 20:20:07 +0000 2017,Meet the woman who is not only the first skater from a Persian Gulf state to participate in international figure sk‚Ä¶ https://t.co/0zVfP3H3A4,0.0,0.0,0.0,1.0
@CNN,3,Wed Nov 29 20:11:08 +0000 2017,The Supreme Court grapples with major case involving privacy in the digital age https://t.co/P6if9ESRws https://t.co/cwmEGi4oVX,0.5574,0.205,0.0,0.795
@CNN,4,Wed Nov 29 20:00:26 +0000 2017,The incredible story of the Navajo Code Talkers that got lost in all the politics https://t.co/aqMtlTPzVh https://t.co/kEjwl679Cr,-0.3182,0.0,0.126,0.874
@CNN,5,Wed Nov 29 19:50:21 +0000 2017,Could brands save millions and help preserve the environment just by slightly changing their logos to use less ink?‚Ä¶ https://t.co/NSSOMSaffB,0.7096,0.247,0.0,0.753
@CNN,6,Wed Nov 29 19:40:21 +0000 2017,Alabama Senate candidate Roy Moore's history of controversial actions https://t.co/lRRJ2odAof https://t.co/H93wdfTxoG,-0.2023,0.0,0.153,0.847
@CNN,7,Wed Nov 29 19:30:11 +0000 2017,President Trump retweeted three inflammatory videos posted by the deputy leader of the UK far-right group Britain F‚Ä¶ https://t.co/IKFabAmolX,0.0,0.0,0.0,1.0
@CNN,8,Wed Nov 29 19:20:16 +0000 2017,President Trump announces plans to impose further sanctions on North Korea following a conversation with Chinese Pr‚Ä¶ https://t.co/L9DYEEPbhd,-0.296,0.0,0.121,0.879
@CNN,9,Wed Nov 29 19:10:07 +0000 2017,"Senate Republicans are on the cusp of passing a major tax overhaul this week, with a key procedural vote likely to‚Ä¶ https://t.co/uMal0bAMWq",0.0,0.0,0.0,1.0
@CNN,10,Wed Nov 29 19:02:35 +0000 2017,"RT @CNNnewsroom: Hawaii Democrat Sen. Mazie Hirono: President Trump should ""tone down his rhetoric"" on North Korea https://t.co/OBiVi9Nwhk",0.0,0.0,0.0,1.0
@CNN,11,Wed Nov 29 19:00:20 +0000 2017,President Trump's behavior raises questions of competency | Analysis by @StCollinson https://t.co/6dkRaGNSm9 https://t.co/iBhtXPyqN3,0.0,0.0,0.0,1.0
@CNN,12,Wed Nov 29 18:50:05 +0000 2017,White House press secretary Sarah Sanders' absolutely unreal explanation of Trump's anti-Muslim video tweets | Anal‚Ä¶ https://t.co/xwCC1Rt4qp,0.0,0.0,0.0,1.0
@CNN,13,Wed Nov 29 18:40:03 +0000 2017,The Minnesota woman who live-streamed the aftermath of her boyfriend Philando Castile's fatal shooting by police ha‚Ä¶ https://t.co/Be2on8MyPd,-0.5423,0.0,0.171,0.829
@CNN,14,Wed Nov 29 18:32:22 +0000 2017,"Fox News says Roy Moore staffers ""manhandled"" two photojournalists from the network in Alabama on Monday night‚Ä¶ https://t.co/P3ohMYmLY0",0.0,0.0,0.0,1.0
@CNN,15,Wed Nov 29 18:20:15 +0000 2017,"'Tis the season to enjoy streaming. Here's what's on Netflix, Amazon and Hulu in December https://t.co/qInGGpC1dY https://t.co/4RPeLv0ICy",0.5994,0.246,0.0,0.754
@CNN,16,Wed Nov 29 18:11:07 +0000 2017,BuzzFeed announces that it plans to layoff roughly 100 employees https://t.co/eoY49zOLIw https://t.co/5rfmBIUTN1,0.0,0.0,0.0,1.0
@CNN,17,Wed Nov 29 18:00:50 +0000 2017,"Garrison Keillor fired by Minnesota Public Radio over ""allegations of his inappropriate behavior with an individual‚Ä¶ https://t.co/dmJT9RaJ5d",-0.5574,0.0,0.184,0.816
@CNN,18,Wed Nov 29 17:52:06 +0000 2017,This is what President Trump sees when he opens his Twitter feed https://t.co/XsE1UEACaz https://t.co/gp12k6hrV7,0.0,0.0,0.0,1.0
@CNN,19,Wed Nov 29 17:42:08 +0000 2017,"President Trump's Britain First retweets must be the final straw, @brianklaas writes for @CNNopinion‚Ä¶ https://t.co/xPwV59oJDm",0.0,0.0,0.0,1.0
@CNN,20,Wed Nov 29 17:30:15 +0000 2017,"Alabama Rep. Mo Brooks says a woman who accused Roy Moore of sexually assaulting her when she was 16 is ""clearly a‚Ä¶ https://t.co/09KppDQX1c",-0.4215,0.099,0.202,0.699
@CNN,21,Wed Nov 29 17:23:33 +0000 2017,"North Korea says their latest missile, the Hwasong-15 was ""the most powerful ICBM,"" carrying a ""super-large heavy w‚Ä¶ https://t.co/MbsQZmeGgS",0.4754,0.154,0.0,0.846
@CNN,22,Wed Nov 29 17:10:29 +0000 2017,Is President Trump losing control? | Analysis by @CillizzaCNN https://t.co/VbMF2DBnbE https://t.co/jryw756m35,-0.3818,0.0,0.224,0.776
@CNN,23,Wed Nov 29 16:51:59 +0000 2017,"White House defends anti-Muslim Trump tweets, says it doesn't matter if videos are real https://t.co/Ci54PvvEQh https://t.co/Bq7MRXqIEf",-0.0191,0.0,0.067,0.933
@CNN,24,Wed Nov 29 16:40:10 +0000 2017,"For the third time in the past few months, women journalists just had to report live on a national US morning show‚Ä¶ https://t.co/K5pJUt7Ha1",0.0,0.0,0.0,1.0
@CNN,25,Wed Nov 29 16:29:04 +0000 2017,A Kremlin-linked troll is once again demonstrating how difficult it is for Twitter to police its own platform‚Ä¶ https://t.co/bRKtUGmlwt,-0.3612,0.0,0.128,0.872
@CNN,26,Wed Nov 29 16:18:17 +0000 2017,Matt Lauer has been terminated from NBC News after an employee filed a complaint about ‚Äúinappropriate sexual behavi‚Ä¶ https://t.co/kVX3burb79,-0.296,0.0,0.115,0.885
@CNN,27,Wed Nov 29 16:05:03 +0000 2017,RT @cnni: JUST IN: Bosnian Croat war criminal dies after apparently drinking poison in court as he lost an appeal https://t.co/n6QfTbG27u h‚Ä¶,-0.9201,0.0,0.421,0.579
@CNN,28,Wed Nov 29 15:55:09 +0000 2017,Amazon's Cyber Monday was its biggest sales day ever https://t.co/iAM6YLAkfY https://t.co/3UyiEMTFvq,0.0,0.0,0.0,1.0
@CNN,29,Wed Nov 29 15:45:10 +0000 2017,Right-wing blogger arrested following a scuffle at his 'It's OK to be white' speech at UConn https://t.co/wsbU2R7Oa6 https://t.co/fYN2ZMXe1G,-0.0431,0.139,0.147,0.713
@CNN,30,Wed Nov 29 15:35:03 +0000 2017,President Trump takes the lowest of low roads on Matt Lauer | Analysis by @CillizzaCNN https://t.co/EzbfrC1x0d https://t.co/HrfUGTDcH9,-0.5719,0.0,0.251,0.749
@CNN,31,Wed Nov 29 15:25:07 +0000 2017,Why the House tax plan could crush graduate students https://t.co/vnTBeMklsR https://t.co/lyI7xP7D3y,-0.1531,0.0,0.138,0.862
@CNN,32,Wed Nov 29 15:15:04 +0000 2017,"Donald Trump Jr., President Trump's eldest son, will speak with the House Intelligence Committee behind closed door‚Ä¶ https://t.co/nY6myQPs5q",0.4767,0.154,0.0,0.846
@CNN,33,Wed Nov 29 15:05:08 +0000 2017,ESPN is laying off about 150 more people https://t.co/tf11zLw05s https://t.co/OxAc2XUWt1,0.0,0.0,0.0,1.0
@CNN,34,Wed Nov 29 14:55:06 +0000 2017,"A man was killed by police after firing a gun onto a street from inside a high-rise condominium complex in Reno, Ne‚Ä¶ https://t.co/4ih1lGYfRH",-0.8519,0.0,0.368,0.632
@CNN,35,Wed Nov 29 14:45:07 +0000 2017,"North Korea says their latest missile, the Hwasong-15 was ""the most powerful ICBM,"" carrying a ""super-large heavy w‚Ä¶ https://t.co/m3KEBJ86sc",0.4754,0.154,0.0,0.846
@CNN,36,Wed Nov 29 14:35:08 +0000 2017,A Texas family that lost 8 members in a mass church shooting has filed a claim against the US Air Force‚Ä¶ https://t.co/DQXsK87YJY,-0.3182,0.0,0.119,0.881
@CNN,37,Wed Nov 29 14:25:06 +0000 2017,How a suicidal pizza man found himself ensnared in an FBI terror sting https://t.co/hbv03QEPCk https://t.co/vrRzMmWVJV,-0.836,0.0,0.397,0.603
@CNN,38,Wed Nov 29 14:15:07 +0000 2017,FedEx is buying up to 100 new flying delivery trucks https://t.co/hKt3ALE1Gc https://t.co/URuoGf4mYB,0.0,0.0,0.0,1.0
@CNN,39,Wed Nov 29 14:05:07 +0000 2017,Hundreds of migrants stranded in Libya are returned to Nigeria https://t.co/0iMnq0XuD3 https://t.co/jGIryQ0Wbx,0.0,0.0,0.0,1.0
@CNN,40,Wed Nov 29 13:55:20 +0000 2017,President Trump has continued to question the legitimacy of former President Obama's birth certificate during priva‚Ä¶ https://t.co/nUFa7ORjNx,0.0,0.0,0.0,1.0
@CNN,41,Wed Nov 29 13:41:16 +0000 2017,"Today Show co-anchor Savannah Guthrie: ""All we can say is that we are heartbroken"" https://t.co/fALqI7nmzQ https://t.co/vnBbZoQ8Ks",-0.6486,0.0,0.223,0.777
@CNN,42,Wed Nov 29 13:30:24 +0000 2017,President Trump's assault on truth circles back to birtherism | Analysis by @CillizzaCNN https://t.co/M4Jv36i4iw https://t.co/r3IwkigVbs,-0.3612,0.127,0.21,0.663
@CNN,43,Wed Nov 29 13:19:56 +0000 2017,President Trump retweets three inflammatory videos from a British far-right account rife with anti-Muslim content‚Ä¶ https://t.co/AAn3LJkZl0,0.0,0.0,0.0,1.0
@CNN,44,Wed Nov 29 13:07:44 +0000 2017,Could brands save millions and help preserve the environment just by slightly changing their logos to use less ink?‚Ä¶ https://t.co/FhWa7jWYKw,0.7096,0.247,0.0,0.753
@CNN,45,Wed Nov 29 12:59:25 +0000 2017,"Over 4,000 years since the pyramids were constructed, archaeologists are still uncovering fresh mysteries in Giza‚Ä¶ https://t.co/3AF60fslS6",0.3182,0.126,0.0,0.874
@CNN,46,Wed Nov 29 12:50:50 +0000 2017,This is the statement NBC News Chairman Andy Lack released this morning about the firing of longtime Today Show anc‚Ä¶ https://t.co/8NKHeM7OLS,-0.5719,0.0,0.198,0.802
@CNN,47,Wed Nov 29 12:48:03 +0000 2017,A cybercriminal's guide to protecting your identity https://t.co/FU4EU3i3Hy https://t.co/UoOERXp3SU,0.0,0.0,0.0,1.0
@CNN,48,Wed Nov 29 12:37:21 +0000 2017,"RT @NewDay: Matt Lauer is ""revered"" and ""an icon of television news,"" says @brianstelter following news of Lauer's termination from NBC for‚Ä¶",0.0,0.0,0.0,1.0
@CNN,49,Wed Nov 29 12:37:03 +0000 2017,A Kremlin-linked troll is once again demonstrating how difficult it is for Twitter to police its own platform‚Ä¶ https://t.co/5no5NE4Z8L,-0.3612,0.0,0.128,0.872
@CNN,50,Wed Nov 29 12:31:51 +0000 2017,"NBC News has fired longtime anchor Matt Lauer after an employee complaint about ""inappropriate sexual behavior‚Äù‚Ä¶ https://t.co/2n7GRtjdPT",-0.7003,0.0,0.279,0.721
@CNN,51,Wed Nov 29 12:29:47 +0000 2017,A flaw in Apple's newest operating system -- High Sierra -- allows someone to gain administrator access without a p‚Ä¶ https://t.co/4f1ioBxrPD,0.5267,0.159,0.0,0.841
@CNN,52,Wed Nov 29 12:22:38 +0000 2017,Donald Trump's family denied its German heritage for years https://t.co/BHFmmpijMz https://t.co/3LpEh27Mr3,-0.4404,0.0,0.225,0.775
@CNN,53,Wed Nov 29 12:10:06 +0000 2017,"5 things for Wednesday:

- North Korea
- Tax overhaul
- Tampa slayings
- Rep. John Conyers
- Automation‚Ä¶ https://t.co/OPpsnRaJky",0.0,0.0,0.0,1.0
@CNN,54,Wed Nov 29 12:09:51 +0000 2017,BREAKING: Matt Lauer has been terminated from NBC News after an employee filed a complaint about ‚Äúinappropriate sex‚Ä¶ https://t.co/XCmWaJXvXJ,-0.296,0.0,0.115,0.885
@CNN,55,Wed Nov 29 12:00:24 +0000 2017,A Texas family that lost 8 members in a mass church shooting has filed a claim against the US Air Force‚Ä¶ https://t.co/28BwX5xJAJ,-0.3182,0.0,0.119,0.881
@CNN,56,Wed Nov 29 11:57:57 +0000 2017,Migrant slave auctions in Libya: Talk live to the CNN journalists who broke the story and ask them your questions‚Ä¶ https://t.co/Muy1iiskA5,-0.4215,0.0,0.123,0.877
@CNN,57,Wed Nov 29 11:50:06 +0000 2017,Seattle swears in first woman mayor in nearly a century https://t.co/RTGjh9huIC https://t.co/NHQPVvtlFF,0.0516,0.107,0.0,0.893
@CNN,58,Wed Nov 29 11:48:06 +0000 2017,The incredible story of the Navajo Code Talkers that got lost in all the politics https://t.co/uUQdniYHwL https://t.co/aGGzVYUX0Z,-0.3182,0.0,0.126,0.874
@CNN,59,Wed Nov 29 11:40:09 +0000 2017,Former White House chief strategist Steve Bannon to campaign with Alabama Senate candidate Roy Moore next week‚Ä¶ https://t.co/SVvmewBB6L,0.0,0.0,0.0,1.0
@CNN,60,Wed Nov 29 11:30:07 +0000 2017,A woman who approached the Washington Post by falsely claiming Roy Moore impregnated her as a teen was exposed by t‚Ä¶ https://t.co/PGvGwtF15N,-0.0772,0.0,0.064,0.936
@CNN,61,Wed Nov 29 11:18:44 +0000 2017,President Trump has continued to question the legitimacy of former President Obama's birth certificate during priva‚Ä¶ https://t.co/MmB8Gbbezv,0.0,0.0,0.0,1.0
@CNN,62,Wed Nov 29 11:08:38 +0000 2017,"Angela Lansbury is facing criticism after saying women ""must sometimes take blame"" for sexual harassment because of‚Ä¶ https://t.co/R5Dm7B2DJy",-0.8316,0.0,0.37,0.63
@CNN,63,Wed Nov 29 11:01:33 +0000 2017,The case for charging rich and poor shoppers different prices https://t.co/MsW3V2Tc9V,0.128,0.229,0.197,0.573
@CNN,64,Wed Nov 29 10:51:33 +0000 2017,"Fox News says Roy Moore staffers ""manhandled"" two photojournalists from the network in Alabama on Monday night‚Ä¶ https://t.co/vyyUfOFWZA",0.0,0.0,0.0,1.0
@CNN,65,Wed Nov 29 10:38:27 +0000 2017,"These are the most commonly used North Korean missiles, based on tests conducted throughout 2017‚Ä¶ https://t.co/BCU3nlZS5O",0.0,0.0,0.0,1.0
@CNN,66,Wed Nov 29 10:28:29 +0000 2017,Viagra will soon be available without a prescription in the UK https://t.co/n4h620XED4 https://t.co/7pSsHdn06a,0.0,0.0,0.0,1.0
@CNN,67,Wed Nov 29 10:14:57 +0000 2017,"People who have been single all of their lives have a 42% higher dementia risk than those who are married, a new pa‚Ä¶ https://t.co/7YGI9U8Z2O",-0.2732,0.0,0.091,0.909
@CNN,68,Wed Nov 29 10:01:26 +0000 2017,"Meghan Markle, a self-described feminist, is joining one of the most patriarchal institutions on the planet I‚Ä¶ https://t.co/vkXwr6fRPz",0.0,0.0,0.0,1.0
@CNN,69,Wed Nov 29 09:48:12 +0000 2017,Seattle swears in first woman mayor in nearly a century https://t.co/n30q4e9jd4 https://t.co/wCT3wFRd8q,0.0516,0.107,0.0,0.893
@CNN,70,Wed Nov 29 09:13:25 +0000 2017,"What we know about North Korea's latest missile launch:

‚Ä¢ Hwasong-15 is new type of ICBM
‚Ä¢ Fired from launcher in‚Ä¶ https://t.co/TWSFL8A8Gl",-0.5574,0.0,0.159,0.841
@CNN,71,Wed Nov 29 08:59:03 +0000 2017,"""We have not exhausted diplomacy."" Former US Secretary of State John Kerry sent a message to US decision-makers, th‚Ä¶ https://t.co/1yU5ByAKBq",0.2755,0.105,0.0,0.895
@CNN,72,Wed Nov 29 08:59:03 +0000 2017,Waymo's lawsuit against Uber over stolen trade secrets has been delayed to allow more time for investigation‚Ä¶ https://t.co/p2E5SxjQCX,-0.6573,0.082,0.314,0.604
@CNN,73,Wed Nov 29 08:49:46 +0000 2017,"Bitcoin just hit $10,000, capping a jaw-dropping rally of more than 900% since the start of year‚Ä¶ https://t.co/vojgyceBrv",0.0,0.0,0.0,1.0
@CNN,74,Wed Nov 29 08:40:15 +0000 2017,Meet the woman who is not only the first skater from a Persian Gulf state to participate in international figure sk‚Ä¶ https://t.co/iw4PB3CwnM,0.0,0.0,0.0,1.0
@CNN,75,Wed Nov 29 08:25:30 +0000 2017,"In an historic mass to some 150,000 worshipers in Yangon, Myanmar, Pope Francis urged the country's Catholics to re‚Ä¶ https://t.co/VIGznKfTW8",0.2263,0.091,0.0,0.909
@CNN,76,Wed Nov 29 08:09:33 +0000 2017,"A child abuse scandal in China takes a turn, after police accused two parents of fabricating stories of their child‚Ä¶ https://t.co/h8se1nqSXU",-0.8519,0.0,0.368,0.632
@CNN,77,Wed Nov 29 08:01:05 +0000 2017,Bali's main airport reopens Wednesday after being shuttered for nearly three days due to a volcanic eruption which‚Ä¶ https://t.co/o6JeY9KHS4,0.0,0.0,0.0,1.0
@CNN,78,Wed Nov 29 07:58:31 +0000 2017,"Do not give your dog bone treats. They could be deadly, the US FDA says https://t.co/6S9VaJIAIH https://t.co/gcuoM7wlTH",0.0,0.0,0.0,1.0
@CNN,79,Wed Nov 29 07:48:37 +0000 2017,People who have been single all of their lives could have a 42% higher risk of developing dementia than those who a‚Ä¶ https://t.co/e0Hdh08xjp,-0.2732,0.0,0.091,0.909
@CNN,80,Wed Nov 29 07:40:08 +0000 2017,"North Korea says their latest missile, the Hwasong-15 was ""the most powerful ICBM,"" carrying a ""super-large heavy w‚Ä¶ https://t.co/v5m0zfgAUq",0.4754,0.154,0.0,0.846
@CNN,81,Wed Nov 29 07:32:04 +0000 2017,This bill would name DC street outside the Russian Embassy for a slain Putin dissident https://t.co/s30okfDZrA https://t.co/PM3qAbBYEm,0.0,0.0,0.0,1.0
@CNN,82,Wed Nov 29 07:22:09 +0000 2017,A charity is launching a vending machine for the homeless https://t.co/dyQEkeT56g https://t.co/3WJQXKZdJo,0.4215,0.237,0.0,0.763
@CNN,83,Wed Nov 29 07:09:11 +0000 2017,North Korea pushed US President Trump closer to a set of excruciating choices with its most potent missile test yet‚Ä¶ https://t.co/andmhf2oDL,-0.6486,0.0,0.185,0.815
@CNN,84,Wed Nov 29 06:50:28 +0000 2017,"What we know about North Korea's latest missile launch:

‚Ä¢ Hwasong-15 is new type of ICBM
‚Ä¢ Fired from launcher in‚Ä¶ https://t.co/uHF20oAb0A",-0.5574,0.0,0.159,0.841
@CNN,85,Wed Nov 29 06:34:16 +0000 2017,"North Korea's ICBM missile launch demonstrates it has the ability to hit ""everywhere in the world,"" US Defense Secr‚Ä¶ https://t.co/y7lSh5QZCC",0.4215,0.174,0.0,0.826
@CNN,86,Wed Nov 29 06:10:09 +0000 2017,Meet the woman who is not only the first skater from a Persian Gulf state to participate in international figure sk‚Ä¶ https://t.co/srDDTDEXzQ,0.0,0.0,0.0,1.0
@CNN,87,Wed Nov 29 05:59:02 +0000 2017,"North Korea successfully launched a new type of intercontinental ballistic missile Wednesday, according to North Ko‚Ä¶ https://t.co/WMnd5zzSI0",0.5719,0.251,0.0,0.749
@CNN,88,Wed Nov 29 05:38:15 +0000 2017,"The 2018 Jeep Wrangler, going on sale early next year, retains the classic look with a lot new underneath‚Ä¶ https://t.co/MHpJLZs7VL",0.0,0.0,0.0,1.0
@CNN,89,Wed Nov 29 05:30:09 +0000 2017,President Trump's FCC chairman blasts Twitter for silencing conservatives https://t.co/BpggQCoRNS https://t.co/amVIZ5lEL3,-0.128,0.0,0.13,0.87
@CNN,90,Wed Nov 29 05:23:09 +0000 2017,FedEx is buying up to 100 new flying delivery trucks https://t.co/mazblZnMqr https://t.co/U9dJHikxi2,0.0,0.0,0.0,1.0
@CNN,91,Wed Nov 29 05:15:14 +0000 2017,"New details about Prince Harry + Meghan Markle's wedding:
‚Ä¢ Will be at Windsor Castle in May 2018
‚Ä¢ Markle will bec‚Ä¶ https://t.co/FRKjyB6L8Q",0.0,0.0,0.0,1.0
@CNN,92,Wed Nov 29 05:00:08 +0000 2017,"For the first time since the end of the Cold War, Hawaii will test nuclear sirens https://t.co/SgMpYjpi4n https://t.co/Pfv5yGWCh3",-0.5994,0.0,0.187,0.813
@CNN,93,Wed Nov 29 04:51:25 +0000 2017,"375 million jobs may be automated by 2030, a study suggests https://t.co/BajjVz7Uh8 https://t.co/YxetjWM9Iy",0.0,0.0,0.0,1.0
@CNN,94,Wed Nov 29 04:38:01 +0000 2017,President Trump has continued to question the legitimacy of former President Obama's birth certificate during priva‚Ä¶ https://t.co/1P0KXgEr03,0.0,0.0,0.0,1.0
@CNN,95,Wed Nov 29 04:30:03 +0000 2017,Former White House chief strategist Steve Bannon to campaign with Alabama Senate candidate Roy Moore next week‚Ä¶ https://t.co/iWseTv8Hvi,0.0,0.0,0.0,1.0
@CNN,96,Wed Nov 29 04:15:10 +0000 2017,A Kremlin-linked troll is once again demonstrating how difficult it is for Twitter to police its own platform‚Ä¶ https://t.co/3Azb6WwjsD,-0.3612,0.0,0.128,0.872
@CNN,97,Wed Nov 29 04:03:44 +0000 2017,"In an historic mass to some 150,000 worshipers in Yangon, Myanmar, Pope Francis urged the country's Catholics to re‚Ä¶ https://t.co/fR9zgC2RAP",0.2263,0.091,0.0,0.909
@CNN,98,Wed Nov 29 04:00:02 +0000 2017,"Poor Americans would lose billions of dollars worth of federal benefits under the Senate GOP tax bill, according to‚Ä¶ https://t.co/ZjfIN2ceZ6",-0.3182,0.171,0.221,0.608
@CNN,99,Wed Nov 29 03:44:06 +0000 2017,"North Korea successfully launched a new type of intercontinental ballistic missile Wednesday, according to North Ko‚Ä¶ https://t.co/j4mSLDTzaL",0.5719,0.251,0.0,0.749
@FoxNews,0,Wed Nov 29 20:38:00 +0000 2017,".@POTUS on jobs: ""Two million jobs [added] since I won the election and I wanna say since you won the election. I d‚Ä¶ https://t.co/ognBzH5sfg",0.8126,0.28,0.0,0.72
@FoxNews,1,Wed Nov 29 20:36:54 +0000 2017,".@POTUS on unemployment: ""We've created two million jobs... we used to lose jobs, now we've created."" https://t.co/z1oCbxHQUe",-0.5574,0.093,0.259,0.648
@FoxNews,2,Wed Nov 29 20:34:55 +0000 2017,".@POTUS: ""Our country was not treated properly for a long time. We're treating it properly, we're treating it with‚Ä¶ https://t.co/YWSJXdZW4g",0.0,0.0,0.0,1.0
@FoxNews,3,Wed Nov 29 20:33:06 +0000 2017,".@POTUS on spending money in the Middle East: ""We could have rebuilt our country four times over and we're gonna st‚Ä¶ https://t.co/ND8YC7CXOZ",0.0,0.0,0.0,1.0
@FoxNews,4,Wed Nov 29 20:32:06 +0000 2017,".@POTUS on GOP tax plan: ""A vote to cut taxes is a vote to put America first."" https://t.co/78XUbBlG9z",-0.2732,0.0,0.116,0.884
@FoxNews,5,Wed Nov 29 20:31:02 +0000 2017,".@POTUS on passing GOP tax plans: ""If we do this, then America will win again like never, ever before."" https://t.co/7nZ9lPSoku",0.743,0.259,0.0,0.741
@FoxNews,6,Wed Nov 29 20:29:51 +0000 2017,".@POTUS on GOP tax plan: ""We cannot sit idly by and watch ourselves losing in competition to other countries as the‚Ä¶ https://t.co/uIanr9MhsU",-0.3818,0.0,0.11,0.89
@FoxNews,7,Wed Nov 29 20:28:33 +0000 2017,".@POTUS on GOP tax plan: ""Don't call it tax reform. Call it tax cuts and reform."" https://t.co/5vc0FPxoBf",-0.296,0.0,0.121,0.879
@FoxNews,8,Wed Nov 29 20:27:50 +0000 2017,".@POTUS on GOP tax plan: ""The eyes of the world now turn to the United States Senate. A successful vote in the Sena‚Ä¶ https://t.co/3vIktbRV49",0.765,0.239,0.0,0.761
@FoxNews,9,Wed Nov 29 20:25:20 +0000 2017,".@POTUS on GOP tax plan: ""Tax cuts have already passed the House of Representatives."" https://t.co/9OfgNePYWg",-0.296,0.0,0.136,0.864
@FoxNews,10,Wed Nov 29 20:24:26 +0000 2017,".@POTUS on GOP tax plan: ""With your help, we can usher in a thrilling new era of opportunity and growth for this na‚Ä¶ https://t.co/JJr5hEXRqa",0.8807,0.371,0.0,0.629
@FoxNews,11,Wed Nov 29 20:18:51 +0000 2017,"Missing North Carolina toddler may have been spotted at Walmart, FBI says https://t.co/vIHqTlrATc",-0.296,0.0,0.155,0.845
@FoxNews,12,Wed Nov 29 20:12:06 +0000 2017,"Al Qaeda suspect linked to 'Jihad Jane' wants to fire lawyer, represent himself in court https://t.co/FjpjMMaCp9",-0.5574,0.0,0.247,0.753
@FoxNews,13,Wed Nov 29 20:05:46 +0000 2017,"Matt Lauer mocks sexual harassment, drops his pants in resurfaced 'Today' clips https://t.co/1zHDPFbwzA",-0.7579,0.0,0.371,0.629
@FoxNews,14,Wed Nov 29 19:58:16 +0000 2017,"Bill Clinton accusers revive allegations amid wave of harassment claims: 'It never goes away' - via @AlexPappas
https://t.co/ckteJTdk2A",-0.2732,0.115,0.167,0.718
@FoxNews,15,Wed Nov 29 19:56:27 +0000 2017,Facebook asks users to upload face photos to prove they're not bots https://t.co/ojjLkFiVMH,0.0,0.0,0.0,1.0
@FoxNews,16,Wed Nov 29 19:54:07 +0000 2017,"Lee Busby on running for Senate in Alabama: ""A lot of people here are simply not gonna vote. People I know who are‚Ä¶ https://t.co/Eqp9jE3JOz",0.0,0.0,0.0,1.0
@FoxNews,17,Wed Nov 29 19:49:52 +0000 2017,"Lee Busby on running for Senate in Alabama: ""I'm not running based on [Roy Moore] allegations, I think I'm the best‚Ä¶ https://t.co/uUn1HD7TjP",0.0,0.0,0.0,1.0
@FoxNews,18,Wed Nov 29 19:48:11 +0000 2017,"Lee Busby on running for Senate in Alabama: ""I want to work on jobs for Alabamians, the improvement to our infrastr‚Ä¶ https://t.co/llRlH6EWP9",0.5106,0.177,0.0,0.823
@FoxNews,19,Wed Nov 29 19:43:47 +0000 2017,Ethics case opened on Conway's comments about Alabama Senate race https://t.co/km9C8PHclJ,0.0,0.0,0.0,1.0
@FoxNews,20,Wed Nov 29 19:39:44 +0000 2017,".@Robportman on sex trafficking bill: ""[Sex trafficking] is a stain on our national character that we're actually s‚Ä¶ https://t.co/0x7Es6aalD",0.0,0.0,0.0,1.0
@FoxNews,21,Wed Nov 29 19:36:58 +0000 2017,".@robportman on tax reform: ""We've got to do something to make our workers more competitive because other countries‚Ä¶ https://t.co/DCbvFwo1TK",0.2484,0.1,0.0,0.9
@FoxNews,22,Wed Nov 29 19:31:32 +0000 2017,"Martha McSally on North Korea missile test: ""We've got to make it so painful for Kim Jong Un to continue on this pa‚Ä¶ https://t.co/cPY38ExEh1",-0.5777,0.0,0.14,0.86
@FoxNews,23,Wed Nov 29 19:29:09 +0000 2017,"Martha McSally on North Korea missile test: ""Assessments show that that means the distance could go as far as 8,100‚Ä¶ https://t.co/N3JTNMzk3V",0.0,0.0,0.0,1.0
@FoxNews,24,Wed Nov 29 19:27:08 +0000 2017,"Martha McSally on North Korea missile test: ""The test went up to 2,800 miles instead of the last one at 2,300 miles‚Ä¶ https://t.co/PJmqeH1zKm",0.0,0.0,0.0,1.0
@FoxNews,25,Wed Nov 29 19:19:30 +0000 2017,.@realDonaldTrump vs. @HillaryClinton: The feud continues even after the election https://t.co/43VcA6apSz,-0.34,0.0,0.194,0.806
@FoxNews,26,Wed Nov 29 19:16:08 +0000 2017,"TONIGHT on Fox News Channel: @seanspicer on '#Hannity,' Conyers' Accusers on '#TheStory' https://t.co/AbvmER6PZj",0.0,0.0,0.0,1.0
@FoxNews,27,Wed Nov 29 19:14:56 +0000 2017,'You Don't Give Animals Due Process': Benghazi Hero Furious Suspect Was Cleared of Murder Charges https://t.co/9pb5LKphuV,-0.8271,0.181,0.458,0.361
@FoxNews,28,Wed Nov 29 18:41:02 +0000 2017,".@KatiePavlich: ""Why is it that we call it the 'Monica Lewinsky scandal' when it was Bill Clinton's scandal?"" https://t.co/pvsbEjovq5",-0.4404,0.0,0.139,0.861
@FoxNews,29,Wed Nov 29 18:29:59 +0000 2017,".@AmbJohnBolton on North Korea's missile launch: ""There are a lot of delinquents out there who have helped the Nort‚Ä¶ https://t.co/pLFgb3vO8r",0.0,0.0,0.0,1.0
@FoxNews,30,Wed Nov 29 18:21:54 +0000 2017,".@SteveDaines: ""The president comes to have a meeting with Chuck Schumer and Nancy Pelosi and they don't show up. H‚Ä¶ https://t.co/CUNDHAfCyB",0.0,0.0,0.0,1.0
@FoxNews,31,Wed Nov 29 18:14:54 +0000 2017,".@TomiLahren media coverage of conservative women including @PressSec and @KellyannePolls: ""If any of these women w‚Ä¶ https://t.co/AH9PYorQja",0.0,0.0,0.0,1.0
@FoxNews,32,Wed Nov 29 18:14:23 +0000 2017,".@SteveDaines on tax reform: ""This is a historic moment for our nation... I'm pleased with the progress being made.‚Ä¶ https://t.co/YcHDhUzuzz",0.6908,0.251,0.0,0.749
@FoxNews,33,Wed Nov 29 18:01:59 +0000 2017,Ethics case opened on Kellyanne Conway's comments about Alabama Senate race https://t.co/zgv8nDgscb,0.0,0.0,0.0,1.0
@FoxNews,34,Wed Nov 29 17:46:24 +0000 2017,Retired Marine colonel announces Roy Moore challenge in Alabama Senate race https://t.co/HXVMXz0YRq,0.0772,0.106,0.0,0.894
@FoxNews,35,Wed Nov 29 17:38:04 +0000 2017,".@Judgenap on tax reform: ""This is not the type of sweeping cut that Donald Trump himself campaigned on and would h‚Ä¶ https://t.co/g1nbJoR2Gv",-0.2732,0.0,0.091,0.909
@FoxNews,36,Wed Nov 29 17:34:59 +0000 2017,JUST IN: Garrison Keillor says he's been fired by Minnesota Public Radio over allegations of inappropriate behavior‚Ä¶ https://t.co/kMKzndXbRh,-0.5574,0.0,0.175,0.825
@FoxNews,37,Wed Nov 29 17:26:22 +0000 2017,"British PM rips Trump for retweeting Muslim attack videos from UK account - via @brookefoxnews
https://t.co/lWVbViL3Eq",-0.4767,0.0,0.181,0.819
@FoxNews,38,Wed Nov 29 17:25:31 +0000 2017,".@MelissaAFrancis: ""I don't want people out there to forget what is going on to the North Korean people... There is‚Ä¶ https://t.co/Z0XEbzZ8at",-0.2783,0.0,0.141,0.859
@FoxNews,39,Wed Nov 29 17:20:32 +0000 2017,"CONGRATULATIONS: @HuntsmanAbby and Husband Welcome Baby Girl, Isabel Grace https://t.co/iDu0aAZ4yX",0.8868,0.598,0.0,0.402
@FoxNews,40,Wed Nov 29 17:04:12 +0000 2017,Scientists call for global glitter ban to save environment https://t.co/S4ZTT7H61x,-0.1027,0.216,0.243,0.541
@FoxNews,41,Wed Nov 29 17:03:12 +0000 2017,Philando Castile's girlfriend reaches $800G settlement over police shooting https://t.co/Wwi9iJ35L8,0.0516,0.118,0.0,0.882
@FoxNews,42,Wed Nov 29 16:56:01 +0000 2017,"Trump vows to slap 'major' sanctions on North Korea, after ICBM launch - via @brookefoxnews
https://t.co/k4OLdO5CBr",0.1531,0.103,0.0,0.897
@FoxNews,43,Wed Nov 29 16:52:11 +0000 2017,"Law Professor's Message to First-Year Students: You've Been 'Dis-Educated, Indoctrinated' https://t.co/jUvTGKf6Iy",-0.1027,0.0,0.123,0.877
@FoxNews,44,Wed Nov 29 16:47:58 +0000 2017,Report: Automation could kill 70+ million jobs https://t.co/3AoKpjyjJb,-0.6908,0.0,0.402,0.598
@FoxNews,45,Wed Nov 29 16:41:52 +0000 2017,Katie Couric said Matt Lauer pinched her 'on the ass a lot' in 2012 interview https://t.co/uS6OSUVYtC,-0.5423,0.0,0.2,0.8
@FoxNews,46,Wed Nov 29 16:40:00 +0000 2017,"Tampa serial killer suspect used same gun in 4 killings, police say (via @EDeMarche @travfed)‚Ä¶ https://t.co/EnS8CC49xn",-0.9246,0.0,0.549,0.451
@FoxNews,47,Wed Nov 29 16:28:19 +0000 2017,Kathie Lee Gifford praying for Matt Lauer after 'Today' show firing https://t.co/qWh2UzrVRn,0.0258,0.168,0.161,0.671
@FoxNews,48,Wed Nov 29 16:27:05 +0000 2017,"ISIS cursed, mocked in Mosul, where old city remains a haunted wasteland (via @holliesmckay)‚Ä¶ https://t.co/sXTzRTkRXe",-0.6597,0.0,0.31,0.69
@FoxNews,49,Wed Nov 29 16:24:08 +0000 2017,"Dem Rep. Gutierrez testing waters for potential 2020 presidential run - via @ChadPergram
https://t.co/2rZM1TcXBV",0.0,0.0,0.0,1.0
@FoxNews,50,Wed Nov 29 16:19:13 +0000 2017,".@AriFleischer: ""The markets, as they measure the economy, likes what Donald Trump is doing."" https://t.co/B3rW3HkAZ4",0.4215,0.167,0.0,0.833
@FoxNews,51,Wed Nov 29 16:18:57 +0000 2017,"'Brilliant' Columbia doctoral student shot in the head, killed by his boyfriend, police say https://t.co/wCwooNHT5l‚Ä¶ https://t.co/D3hCvhL9Vi",-0.6705,0.0,0.231,0.769
@FoxNews,52,Wed Nov 29 16:15:18 +0000 2017,Dem Rep. Gutierrez testing waters for potential 2020 presidential run https://t.co/yBlgEqEF35,0.0,0.0,0.0,1.0
@FoxNews,53,Wed Nov 29 16:12:55 +0000 2017,".@JakeSherman: ""There are a lot of things that need to get done this month. The Republicans... need Democrats to do‚Ä¶ https://t.co/NpisMd9kty",0.0,0.0,0.0,1.0
@FoxNews,54,Wed Nov 29 16:02:23 +0000 2017,"Rosie O'Donnell calls President Trump a 'child rapist' after Matt Lauer firing tweet
https://t.co/QZD6LSqynn",-0.8074,0.0,0.399,0.601
@FoxNews,55,Wed Nov 29 15:57:30 +0000 2017,"ISIS cursed, mocked in Mosul, where old city remains a haunted wasteland https://t.co/Vf4TEKLlrg",-0.6597,0.0,0.351,0.649
@FoxNews,56,Wed Nov 29 15:51:40 +0000 2017,".@PressSec: ‚ÄúThe president wants to make sure that we do what is necessary to fund defense spending, the military.‚Äù‚Ä¶ https://t.co/tiNhHE6fN0",0.4215,0.174,0.0,0.826
@FoxNews,57,Wed Nov 29 15:38:03 +0000 2017,.@PressSec on tax reform: ‚ÄúWe‚Äôre very confident in the progress that we‚Äôve made...The president is extremely focuse‚Ä¶ https://t.co/vQzjDL5hyl,0.7425,0.282,0.0,0.718
@FoxNews,58,Wed Nov 29 15:32:52 +0000 2017,"Google adjusts burger emoji, puts cheese on top of the meat https://t.co/1kKgBYMcIj",0.2023,0.141,0.0,0.859
@FoxNews,59,Wed Nov 29 15:29:29 +0000 2017,Libyan cleared of murder charges in Benghazi attack https://t.co/74IeGoeJBG,-0.8591,0.086,0.607,0.307
@FoxNews,60,Wed Nov 29 15:23:30 +0000 2017,Kris ‚ÄúTanto‚Äù Paronto on Benghazi suspect cleared of murder charges: ‚ÄúThere is still no closure for the families.‚Äù‚Ä¶ https://t.co/6t7AeEFQ6d,-0.8689,0.053,0.421,0.526
@FoxNews,61,Wed Nov 29 15:16:27 +0000 2017,"'It's Sick': Lahren Rips Unfair Media Coverage of Melania Trump, Sarah Sanders https://t.co/UdfYJ48ltM",-0.4767,0.0,0.205,0.795
@FoxNews,62,Wed Nov 29 15:07:00 +0000 2017,Danish police find another arm thought to be from beheaded journalist Kim Wall (via @travfed)  https://t.co/lga8z9yuN1,0.0,0.0,0.0,1.0
@FoxNews,63,Wed Nov 29 14:57:00 +0000 2017,"War crimes suspect Praljak claims to ingest poison, dies (via @luciasuarezsang)  https://t.co/LA2g64YJrm",-0.8625,0.0,0.516,0.484
@FoxNews,64,Wed Nov 29 14:54:02 +0000 2017,".@SenJohnThune on tax reform: ‚ÄúIn the end, we‚Äôre going to have a bill that ultimately drives most of the assistance‚Ä¶ https://t.co/H6VNfY5lRm",0.0,0.0,0.0,1.0
@FoxNews,65,Wed Nov 29 14:42:26 +0000 2017,Illegal immigrant charged in DUI crash that killed teenage girl (via @byKatherineLam)  https://t.co/lj73sgqMgM,-0.9118,0.0,0.583,0.417
@FoxNews,66,Wed Nov 29 14:35:13 +0000 2017,"Trump retweets videos of alleged attacks by Muslims - via @brookefoxnews
https://t.co/YoZ6d10Icc",-0.4404,0.0,0.225,0.775
@FoxNews,67,Wed Nov 29 14:25:04 +0000 2017,"OPINION: @toddstarnes: Thank you, Mr. Trump for bringing 'Merry Christmas' back to the White House‚Ä¶ https://t.co/9JT0kvcdli",0.7184,0.3,0.0,0.7
@FoxNews,68,Wed Nov 29 14:14:33 +0000 2017,".@HowardKurtz: ""It's hard to overstate how important Lauer is to that NBC franchise."" https://t.co/FDaVW2tYcs",0.1027,0.118,0.092,0.789
@FoxNews,69,Wed Nov 29 14:03:47 +0000 2017,"ESPN to lay off 150 people, latest round of cuts at sports broadcasting network https://t.co/M0tBRDwqx2",-0.296,0.0,0.136,0.864
@FoxNews,70,Wed Nov 29 13:54:58 +0000 2017,"Matt Lauer's firing from NBC sparks news anchors, celebrities' reaction https://t.co/4Z70bIUaHb",-0.34,0.0,0.194,0.806
@FoxNews,71,Wed Nov 29 13:53:01 +0000 2017,".@thejeremyhunt on race relations: ""We're going to have to elevate the conversation... We do have dialogue in this‚Ä¶ https://t.co/2cXtIBmk5Y",0.0,0.0,0.0,1.0
@FoxNews,72,Wed Nov 29 13:48:23 +0000 2017,The casket of Oakland County Sheriff's Deputy Eric Overall is carried to a hearse after a funeral service in Indepe‚Ä¶ https://t.co/8DaeYVTjfm,-0.3612,0.0,0.122,0.878
@FoxNews,73,Wed Nov 29 13:33:18 +0000 2017,.@DLoesch: ‚ÄúOur rights should not end where a state line ends.‚Äù https://t.co/OC0CPsSjzx,0.0,0.0,0.0,1.0
@FoxNews,74,Wed Nov 29 13:31:50 +0000 2017,"Lonely widower asks for a place to spend Christmas, gets a thousand responses https://t.co/b9I5tyKhVe",-0.3612,0.0,0.185,0.815
@FoxNews,75,Wed Nov 29 13:13:22 +0000 2017,OPINION: Demonizing white people doesn't improve race relations https://t.co/Utf7FTm8NH,-0.3412,0.0,0.231,0.769
@FoxNews,76,Wed Nov 29 12:56:34 +0000 2017,"Trump retweets videos of alleged attacks by Muslims - via @brookefoxnews

https://t.co/YoZ6d10Icc",-0.4404,0.0,0.225,0.775
@FoxNews,77,Wed Nov 29 12:48:19 +0000 2017,"Conservative Lucian Wintrich arrested at UConn speech titled, 'It's OK to be White' https://t.co/Y2cotuLJbI",-0.0431,0.163,0.172,0.665
@FoxNews,78,Wed Nov 29 12:34:40 +0000 2017,NBC announces 'Today' show co-host Matt Lauer fired due to inappropriate sexual behavior at work https://t.co/q2f7jzpRgw,-0.5574,0.0,0.194,0.806
@FoxNews,79,Wed Nov 29 12:33:37 +0000 2017,"Adam MacLeod, law professor: ""What I really want my students to do, is aspire to learn and seek truth."" https://t.co/3iNUGhydYy",0.1513,0.081,0.0,0.919
@FoxNews,80,Wed Nov 29 12:30:03 +0000 2017,"Law professor's ground rules in his classroom include: If you begin a statement with ""I feel,"" cluck like a chicken https://t.co/BaxZfWJ75R",0.3612,0.122,0.0,0.878
@FoxNews,81,Wed Nov 29 12:08:26 +0000 2017,JUST IN: NBC announces 'Today' show co-host Matt Lauer fired due to inappropriate sexual behavior at work‚Ä¶ https://t.co/MpWcvTe14o,-0.5574,0.0,0.175,0.825
@FoxNews,82,Wed Nov 29 11:50:45 +0000 2017,".@realMikeAllman, Congressional candidate: ""Direct Democracy is where I vote with the people. I'm going to pose que‚Ä¶ https://t.co/KTSQ5iiHIc",0.0,0.0,0.0,1.0
@FoxNews,83,Wed Nov 29 11:43:30 +0000 2017,.@PressSec Roasts CNN Boycott of White House Christmas Party https://t.co/N9cuESkFg6,0.1027,0.208,0.177,0.615
@FoxNews,84,Wed Nov 29 11:30:30 +0000 2017,".@TomiLahren on conservative women like @PressSec and @KellyannePolls: ""If These women were on the left, they would‚Ä¶ https://t.co/r3B17Fm0kW",0.3612,0.128,0.0,0.872
@FoxNews,85,Wed Nov 29 11:30:01 +0000 2017,"Biology teacher, 25, pleads no contest to six-month sex romp with teen student https://t.co/awZe9g6dnJ",-0.296,0.0,0.145,0.855
@FoxNews,86,Wed Nov 29 11:20:37 +0000 2017,".@ArthurLHerman on North Korea: ""The way to take care of this is to shoot those missiles down as they leave the lau‚Ä¶ https://t.co/4Cd4nIyWYf",0.1531,0.119,0.134,0.746
@FoxNews,87,Wed Nov 29 11:18:05 +0000 2017,"Texas man gets 1,000 years in prison in sex abuse of young girls https://t.co/ZEI3uv8lPk",-0.8176,0.0,0.385,0.615
@FoxNews,88,Wed Nov 29 11:15:05 +0000 2017,"New York Giants to bench two time Super Bowl MVP Eli Manning, ending his consecutive start streak https://t.co/Ne28bGxqKx",0.5994,0.187,0.0,0.813
@FoxNews,89,Wed Nov 29 11:00:02 +0000 2017,".@POTUS shames @NancyPelosi, @chuckschumer with empty seats at meeting they boycotted  https://t.co/7Kp1WOFtFX",-0.7351,0.0,0.444,0.556
@FoxNews,90,Wed Nov 29 10:59:43 +0000 2017,".@cabot_phillips: ""When you label everything racist, at that point nothing is racist. You desensitize people to the‚Ä¶ https://t.co/WYdFjjpr5Y",-0.8402,0.0,0.333,0.667
@FoxNews,91,Wed Nov 29 10:56:07 +0000 2017,"Author Andy Och: ""[@IvankaTrump is] a very capable and successful and intelligent businesswomen and I think a perfe‚Ä¶ https://t.co/haWGpcyFfe",0.8737,0.434,0.0,0.566
@FoxNews,92,Wed Nov 29 10:54:55 +0000 2017,Bali Airport Reopens as Warning Level Downgraded One Step https://t.co/DhtXdVF5tw,-0.34,0.0,0.211,0.789
@FoxNews,93,Wed Nov 29 10:45:30 +0000 2017,".@LawrenceBJones3: ""I think this nation needs to turn back to god and that takes prayer and humility."" https://t.co/G1XdoZiEtj",0.2732,0.11,0.0,0.89
@FoxNews,94,Wed Nov 29 10:43:55 +0000 2017,".@LawrenceBJones3: ""This whole notion that under President Trump... that black lives are worse, is just simply not‚Ä¶ https://t.co/siHFZHPZkD",-0.4767,0.0,0.154,0.846
@FoxNews,95,Wed Nov 29 10:34:26 +0000 2017,".@GordonGChang: ""The United States has an obligation right now to do it's best to make sure that North Korea doesn'‚Ä¶ https://t.co/NuWMiCKuzq",0.8519,0.341,0.0,0.659
@FoxNews,96,Wed Nov 29 10:30:01 +0000 2017,"Uproar over Japan's brown-hair registry, mandate to dye hair black https://t.co/EsFfhRjfar",0.0,0.0,0.0,1.0
@FoxNews,97,Wed Nov 29 10:26:40 +0000 2017,Tampa police arrest possible serial killer in Seminole Heights https://t.co/3VnPyrQz16 https://t.co/9h4OjBGsfw,-0.7717,0.0,0.427,0.573
@FoxNews,98,Wed Nov 29 10:19:28 +0000 2017,"In a new @toddstarnes op-ed, he noted that @realDonaldTrump included the words ‚ÄúMerry Christmas‚Äù on his cards his f‚Ä¶ https://t.co/4ieOhrSArP",0.0,0.0,0.0,1.0
@FoxNews,99,Wed Nov 29 10:00:00 +0000 2017,.@mmschocolate Christmas commercial sequel comes 20 years after original https://t.co/UamkmVDsW6,0.3182,0.204,0.0,0.796
@NYT,0,Wed Nov 29 20:37:47 +0000 2017,Letter: Congress and Harassment. https://t.co/TCOoLbgJ1a,-0.5423,0.0,0.467,0.533
@NYT,1,Wed Nov 29 20:36:47 +0000 2017,"Letter: Germany‚Äôs Future, and Europe‚Äôs. https://t.co/eCe51hZeLU",0.0,0.0,0.0,1.0
@NYT,2,Wed Nov 29 20:35:47 +0000 2017,Op-Ed Columnist: Wavering Senators Buy Trump‚Äôs Assurances on Taxes. Really.. https://t.co/I9zMKg78c8,0.2023,0.185,0.123,0.692
@NYT,3,Wed Nov 29 20:34:47 +0000 2017,Letter: Helping Afghan Women. https://t.co/oJqLCRrGJO,0.296,0.355,0.0,0.645
@NYT,4,Wed Nov 29 20:33:47 +0000 2017,"Armando Hart, Who Revolutionized Cuban Schools, Dies at 87. https://t.co/5g851DnWce",0.0,0.0,0.0,1.0
@NYT,5,Wed Nov 29 20:20:47 +0000 2017,What to Wear to Smash the State. https://t.co/9gOQDILeMQ,0.0,0.0,0.0,1.0
@NYT,6,Wed Nov 29 20:19:48 +0000 2017,A Business Tax Fight Erupts Over the ‚ÄòHaves‚Äô and ‚ÄòHave-Mores‚Äô. https://t.co/dns03vnUlp,-0.3818,0.0,0.224,0.776
@NYT,7,Wed Nov 29 20:18:47 +0000 2017,The Carpetbagger: Let‚Äôs Give Weinstein‚Äôs Victims the Spotlight on Oscar Night. https://t.co/O6YGgEXZ93,-0.3182,0.0,0.173,0.827
@NYT,8,Wed Nov 29 20:05:47 +0000 2017,Trilobites: Storm Waves With the Power to Heave Massive Boulders Over Cliffs. https://t.co/hzGpPn1Afl,0.0,0.0,0.0,1.0
@NYT,9,Wed Nov 29 20:04:47 +0000 2017,Air Pollution May Weaken the Bones. https://t.co/pMqLbsNPOW,-0.4215,0.0,0.318,0.682
@NYT,10,Wed Nov 29 19:49:47 +0000 2017,Noted: An ‚ÄòIt‚Äô Flower for a Feminist Moment. https://t.co/IbE0EOISCR,0.0,0.0,0.0,1.0
@NYT,11,Wed Nov 29 19:48:47 +0000 2017,Books of The Times: The Story of How Surgeons Cleaned Up Their Act. https://t.co/1a69eF2lRW,0.0,0.0,0.0,1.0
@NYT,12,Wed Nov 29 19:35:48 +0000 2017,Why Is It So Hard to Shoot Down a Missile?. https://t.co/nh7ddM893o,-0.5198,0.0,0.353,0.647
@NYT,13,Wed Nov 29 19:34:47 +0000 2017,Album Review: U2 Releases ‚ÄòSongs of Experience.‚Äô Cynicism Not Included.. https://t.co/zLeOVCNaAS,-0.4019,0.0,0.213,0.787
@NYT,14,Wed Nov 29 19:33:47 +0000 2017,"Asia and Australia Edition: North Korea, Pope Francis, The Hague: Your Thursday Briefing. https://t.co/4TGQ6vmtJ3",0.0,0.0,0.0,1.0
@NYT,15,Wed Nov 29 19:21:47 +0000 2017,New York‚Äôs Tilt Toward Congestion Pricing Was Years in the Making. https://t.co/z5f3UVpNsD,0.0,0.0,0.0,1.0
@NYT,16,Wed Nov 29 19:20:47 +0000 2017,Trump Sells Tax Plan as ‚ÄòRocket Fuel‚Äô as Economy Strengthens. https://t.co/4b6gk3YQVM,0.4588,0.231,0.0,0.769
@NYT,17,Wed Nov 29 19:18:47 +0000 2017,The Interpreter: Seven Critical Truths About North Korea. https://t.co/iuCr3tozqE,0.128,0.231,0.19,0.579
@NYT,18,Wed Nov 29 19:08:47 +0000 2017,World Cup 2018 Draw: How It Works. https://t.co/6KODBB0ntz,0.0,0.0,0.0,1.0
@NYT,19,Wed Nov 29 19:07:47 +0000 2017,Taking the ‚ÄòLady‚Äô Out of the Lady Bag. https://t.co/lyVmuGfCtF,0.0,0.0,0.0,1.0
@NYT,20,Wed Nov 29 19:06:47 +0000 2017,Pope‚Äôs Pivot From Politics in Myanmar Doesn‚Äôt Quiet Questions on Rohingya. https://t.co/mfduN6WSg5,0.0,0.0,0.0,1.0
@NYT,21,Wed Nov 29 19:05:47 +0000 2017,Tech Stocks Lead US Indexes Mostly Lower in Afternoon Trade. https://t.co/72RAJRbZro,-0.296,0.0,0.18,0.82
@NYT,22,Wed Nov 29 19:04:47 +0000 2017,"Ken Shapiro, Whose ‚ÄòGroove Tube‚Äô Satirized TV, Dies at 75. https://t.co/VBq5eE0DSz",0.0,0.0,0.0,1.0
@NYT,23,Wed Nov 29 18:37:47 +0000 2017,Trump Wanted a Bigger Tax Cut for the Rich but Lost to Ivanka. https://t.co/Eb58Qogj8K,-0.296,0.137,0.268,0.595
@NYT,24,Wed Nov 29 18:35:47 +0000 2017,Gateway Pundit Correspondent Arrested During Speech at UConn. https://t.co/P2arNMh8lN,-0.4767,0.0,0.279,0.721
@NYT,25,Wed Nov 29 18:22:47 +0000 2017,Taking the ‚ÄòLady‚Äô out of the Lady Bag. https://t.co/lyVmuGfCtF,0.0,0.0,0.0,1.0
@NYT,26,Wed Nov 29 18:21:47 +0000 2017,Tiger Woods and the Art of the Optimistic Comeback. https://t.co/Fa7bW4XXvd,0.3182,0.204,0.0,0.796
@NYT,27,Wed Nov 29 18:20:47 +0000 2017,"Review: ‚ÄòThe Fountainhead,‚Äô High-Tech, Juicy and Full of Pulp. https://t.co/zif5EzHEhd",0.0,0.0,0.0,1.0
@NYT,28,Wed Nov 29 18:18:47 +0000 2017,"Holiday Hits, Christmas Comebacks and Some Jingle Bell Schlock. https://t.co/qkHRdBlmzX",0.4019,0.231,0.0,0.769
@NYT,29,Wed Nov 29 18:17:46 +0000 2017,The ‚ÄòToday‚Äô Show: A Morning Pioneer Long Before Matt Lauer. https://t.co/q4ejk6uRYM,0.0,0.0,0.0,1.0
@NYT,30,Wed Nov 29 18:06:46 +0000 2017,"Chipotle Replacing Its C.E.O., Founder Steve Ells. https://t.co/1ftKsn942Y",0.0,0.0,0.0,1.0
@NYT,31,Wed Nov 29 18:05:47 +0000 2017,The ‚ÄòToday‚Äô Show: A Pioneer in the Morning Long Before Matt Lauer. https://t.co/q4ejk6uRYM,0.0,0.0,0.0,1.0
@NYT,32,Wed Nov 29 18:04:46 +0000 2017,Garrison Keillor Says He Has Been Fired Over Allegations of Improper Conduct. https://t.co/7lwmqAtTzm,-0.5574,0.0,0.231,0.769
@NYT,33,Wed Nov 29 18:03:46 +0000 2017,Justices Consider How to Apply 18th Century Law to Digital Privacy. https://t.co/96pFJ3tmpm,0.0,0.0,0.0,1.0
@NYT,34,Wed Nov 29 18:02:46 +0000 2017,Rem Koolhaas Plans a Countryside Exhibition at the Guggenheim. https://t.co/t7dGuf4WUV,0.0,0.0,0.0,1.0
@NYT,35,Wed Nov 29 17:50:46 +0000 2017,‚ÄòCoco‚Äô Was the Story of My Life: Readers Share Reactions to Pixar‚Äôs Film. https://t.co/rrrYLbqiqy,0.296,0.145,0.0,0.855
@NYT,36,Wed Nov 29 17:49:46 +0000 2017,Emmanuel Macron Says Return of African Artifacts Is a Top Priority. https://t.co/4798Jnk9Ss,0.2023,0.153,0.0,0.847
@NYT,37,Wed Nov 29 17:47:46 +0000 2017,Critic‚Äôs Notebook: Why Plays About Sexual Assault Are Too Murky for Our Own Good. https://t.co/WF9ovhHffk,0.0258,0.237,0.184,0.58
@NYT,38,Wed Nov 29 17:34:46 +0000 2017,"Snapper Jones, N.B.A. Broadcaster, Dies at 75. https://t.co/IfzhUDkopi",0.0,0.0,0.0,1.0
@NYT,39,Wed Nov 29 17:32:46 +0000 2017,Trilobites: Tracking the Elusive Whale Shark. https://t.co/n53x9w20Vv,0.0,0.0,0.0,1.0
@NYT,40,Wed Nov 29 17:22:46 +0000 2017,Trauma May Have Fallout Over Generations. https://t.co/CA1jdEFVMV,-0.4215,0.0,0.318,0.682
@NYT,41,Wed Nov 29 17:19:46 +0000 2017,"How to Fix Global Warming: We Talk to Businesswomen, Billionaires and Political Leaders. https://t.co/j02n8fnEIB",0.1531,0.11,0.0,0.89
@NYT,42,Wed Nov 29 17:18:46 +0000 2017,"Ireland Avoids Snap Election, but Its Leader Is Weakened. https://t.co/b1ByMro1cC",-0.5106,0.0,0.35,0.65
@NYT,43,Wed Nov 29 16:51:47 +0000 2017,What to Cook: Grilled Cheese Game Strong. https://t.co/YbtN745KD9,0.5106,0.32,0.0,0.68
@NYT,44,Wed Nov 29 16:50:46 +0000 2017,"From North Korea, With Dread. https://t.co/m6fwmDZTMy",-0.4588,0.0,0.375,0.625
@NYT,45,Wed Nov 29 16:49:46 +0000 2017,Matt Lauer‚Äôs History at ‚ÄòToday‚Äô: Two Decades of Highs and Lows. https://t.co/9pvgiauv0D,-0.2023,0.0,0.141,0.859
@NYT,46,Wed Nov 29 16:48:46 +0000 2017,Scene City: Paying Tribute to S.I. Newhouse and His Glamorous Magazine Legacy. https://t.co/UPZqxix8wj,0.5106,0.216,0.0,0.784
@NYT,47,Wed Nov 29 16:46:46 +0000 2017,"S.I. Newhouse Jr., Remembered: ‚ÄòEager, Never Jaded‚Äô. https://t.co/afVeH9NHUo",0.0,0.0,0.0,1.0
@NYT,48,Wed Nov 29 16:35:46 +0000 2017,#SpeakingInDance: Leaving Your Soul Onstage. https://t.co/zj9LZ6nDY5,0.0,0.0,0.0,1.0
@NYT,49,Wed Nov 29 16:34:46 +0000 2017,"On Sports Gambling: Among Bettors, College Football Is Shoving the N.F.L. Aside. https://t.co/nDglcpydD7",0.0,0.0,0.0,1.0
@NYT,50,Wed Nov 29 16:33:46 +0000 2017,Jay-Z‚Äôs Producer No I.D. on the Grammys: ‚ÄòUrban Culture Is Now Pop Culture‚Äô. https://t.co/LTKznSZWFz,-0.296,0.0,0.145,0.855
@NYT,51,Wed Nov 29 16:32:46 +0000 2017,"London Journal: London‚Äôs Canalboat Bookstore Finds a Berth, and Success. https://t.co/qkbRfWnVaL",0.5719,0.291,0.0,0.709
@NYT,52,Wed Nov 29 16:26:46 +0000 2017,NBC Fires Matt Lauer Over Sexual Misconduct Allegation. https://t.co/HtoC4XYA2v,0.0,0.0,0.0,1.0
@NYT,53,Wed Nov 29 16:25:46 +0000 2017,Matt Lauer‚Äôs History at ‚ÄòToday‚Äô. https://t.co/9pvgiauv0D,0.0,0.0,0.0,1.0
@NYT,54,Wed Nov 29 16:22:46 +0000 2017,Tech Fix: The Best Ways to Share Your Smartphone Photos This Holiday. https://t.co/gOVuliziCY,0.8442,0.476,0.0,0.524
@NYT,55,Wed Nov 29 16:21:46 +0000 2017,Tech We‚Äôre Using: Why Old-Fashioned Tools Remain Key for Reporting. https://t.co/Ftg1Op93tN,0.0,0.0,0.0,1.0
@NYT,56,Wed Nov 29 16:19:46 +0000 2017,"G.M. Unveils Its Driverless Cars, Aiming to Lead the Pack. https://t.co/h20WGWxOCX",0.0,0.0,0.0,1.0
@NYT,57,Wed Nov 29 16:18:46 +0000 2017,DealBook Briefing: Mars to Invest in Kind to Get Into Healthier Snacks. https://t.co/2LgYoepm2H,0.5267,0.221,0.0,0.779
@NYT,58,Wed Nov 29 16:05:46 +0000 2017,"Harry Pregerson, Judge Guided by Conscience, Dies at 94. https://t.co/sd6aMpClDr",0.0,0.0,0.0,1.0
@NYT,59,Wed Nov 29 16:04:46 +0000 2017,Contributing Op-Ed Writer: ‚ÄôTis the Season to Assess Your Complicity in This Catastrophe. https://t.co/xA7gHv1P43,-0.6597,0.0,0.253,0.747
@NYT,60,Wed Nov 29 15:47:46 +0000 2017,Matt Lauer‚Äôs History at Today. https://t.co/9pvgiauv0D,0.0,0.0,0.0,1.0
@NYT,61,Wed Nov 29 15:35:46 +0000 2017,MTV Searches for ‚ÄòJersey Shore‚Äô Magic on the Florida Panhandle. https://t.co/GeQKb044Xr,0.0,0.0,0.0,1.0
@NYT,62,Wed Nov 29 15:34:46 +0000 2017,Wayne McGregor to Open the Joyce Theater‚Äôs Spring Season. https://t.co/J4dSNV3FHc,0.0,0.0,0.0,1.0
@NYT,63,Wed Nov 29 15:32:47 +0000 2017,North Korea Says It‚Äôs Now a Nuclear State. Could That Mean It‚Äôs Ready to Talk?. https://t.co/w2ZKlYgu6D,0.3612,0.152,0.0,0.848
@NYT,64,Wed Nov 29 15:17:46 +0000 2017,"Snapchat Remakes Itself, Splitting the Social From the Media. https://t.co/wRB9uBtEjs",0.0,0.0,0.0,1.0
@NYT,65,Wed Nov 29 15:00:46 +0000 2017,New Trailer: ‚ÄòAvengers: Infinity War‚Äô. https://t.co/Mwp0uEYGkg,0.0,0.0,0.0,1.0
@NYT,66,Wed Nov 29 14:49:45 +0000 2017,ESPN Is Laying Off 150 More Employees. https://t.co/HDvnNm49MG,0.0,0.0,0.0,1.0
@NYT,67,Wed Nov 29 14:35:46 +0000 2017,Op-Ed Columnist: Lambs of the Senate. https://t.co/bcsnV30KxO,0.0,0.0,0.0,1.0
@NYT,68,Wed Nov 29 14:34:46 +0000 2017,Letter: Trump‚Äôs ‚ÄòPocahontas‚Äô Taunt. https://t.co/MZlJ513ass,0.0,0.0,0.0,1.0
@NYT,69,Wed Nov 29 14:19:45 +0000 2017,"On Pro Football: With Eli Manning Decision, the Giants Add Shame to Their Misery. https://t.co/TK837skW5H",-0.7783,0.0,0.343,0.657
@NYT,70,Wed Nov 29 14:17:45 +0000 2017,Transcript: Firing of Matt Lauer Announced on ‚ÄòToday‚Äô. https://t.co/vGR2BwG0Vf,-0.34,0.0,0.231,0.769
@NYT,71,Wed Nov 29 13:51:45 +0000 2017,Trump Shares Inflammatory Anti-Muslim Videos. https://t.co/U33d0OcmwP,0.296,0.306,0.0,0.694
@NYT,72,Wed Nov 29 13:50:46 +0000 2017,Yellen Says Economic Expansion Has Gained Strength. https://t.co/IJCpKwFH5S,0.7003,0.492,0.0,0.508
@NYT,73,Wed Nov 29 12:49:45 +0000 2017,"Mars to Invest in Kind, Maker of Snack Bars. https://t.co/GVkugzlanD",0.5267,0.274,0.0,0.726
@NYT,74,Wed Nov 29 12:48:45 +0000 2017,War Crimes Hearing Halted After Defendant Claims to Drink Poison. https://t.co/cYtPLVnWYq,-0.8126,0.0,0.451,0.549
@NYT,75,Wed Nov 29 12:17:45 +0000 2017,NBC Fires Matt Lauer Over Misconduct Allegations. https://t.co/HtoC4XYA2v,0.0,0.0,0.0,1.0
@NYT,76,Wed Nov 29 12:04:45 +0000 2017,2018 Grammy Nominations. https://t.co/3QkUcgvEzp,0.0,0.0,0.0,1.0
@NYT,77,Wed Nov 29 12:03:45 +0000 2017,The Times in Person: Clearing the Air on Climate Education: A Reporter Returns to the Scene of Her Story. https://t.co/9m75q5J1DB,0.0,0.0,0.0,1.0
@NYT,78,Wed Nov 29 11:59:45 +0000 2017,New York Today: New York Today: A Quest to Define ‚ÄòUpstate‚Äô. https://t.co/dcVGVbyUAc,0.0,0.0,0.0,1.0
@NYT,79,Wed Nov 29 11:57:45 +0000 2017,Op-Ed Columnist: The Treacherous Burmese Road from Mandalay. https://t.co/jjxX037dEo,0.0,0.0,0.0,1.0
@NYT,80,Wed Nov 29 11:56:45 +0000 2017,Contributing Op-Ed Writer: The Masterpiece Cakeshop Case Is Not About Religious Freedom. https://t.co/zC6pMw7Ezr,0.8519,0.43,0.0,0.57
@NYT,81,Wed Nov 29 11:55:45 +0000 2017,Editorial: The Pentagon‚Äôs Indifference to Gun Safety. https://t.co/VauvSY5vB6,0.0516,0.246,0.316,0.439
@NYT,82,Wed Nov 29 11:54:45 +0000 2017,Editorial: The Prince and the Actress. https://t.co/EqKJY1epYI,0.0,0.0,0.0,1.0
@NYT,83,Wed Nov 29 11:53:45 +0000 2017,On Campus: Protect the G.I. Bill from the Republicans‚Äô Tax Plan. https://t.co/6xxdbphLgJ,0.3818,0.191,0.0,0.809
@NYT,84,Wed Nov 29 11:52:45 +0000 2017,Live Briefing: Senate Tax Overhaul Gains Steam as Floor Debate Awaits. https://t.co/qClul37CmP,0.4019,0.27,0.0,0.73
@NYT,85,Wed Nov 29 11:50:45 +0000 2017,State of the Art: The Internet Is Dying. Repealing Net Neutrality Hastens That Death.. https://t.co/seoa2AGoae,0.0,0.0,0.0,1.0
@NYT,86,Wed Nov 29 11:49:45 +0000 2017,Op-Ed Contributor: Trump Ran for the ‚ÄòForgotten.‚Äô Then He Forgot Them.. https://t.co/U3pxWgavvr,0.0,0.0,0.0,1.0
@NYT,87,Wed Nov 29 11:48:45 +0000 2017,How Tax Bills Would Reward Companies That Moved Money Offshore. https://t.co/YjaQ0G087w,0.5719,0.27,0.0,0.73
@NYT,88,Wed Nov 29 11:22:45 +0000 2017,Trending: A New Kind of Fitness Retreat for New Year‚Äôs Fitness Goals. https://t.co/GF8Rg9Lj7b,0.6124,0.4,0.0,0.6
@NYT,89,Wed Nov 29 11:19:45 +0000 2017,Op-Ed Columnist: Race and Class and What Happened in 2016. https://t.co/snqbewJevR,0.0,0.0,0.0,1.0
@NYT,90,Wed Nov 29 11:16:45 +0000 2017,Art Review: Rodin From Every Angle: A Cornucopia of Shows for the Holidays. https://t.co/cITnWcGxKz,0.3818,0.178,0.0,0.822
@NYT,91,Wed Nov 29 11:04:45 +0000 2017,New York Today: A Quest to Define ‚ÄòUpstate‚Äô. https://t.co/yc43zyWvtm,0.0,0.0,0.0,1.0
@NYT,92,Wed Nov 29 11:03:45 +0000 2017,How Should We Respond to Sexual Harassment?. https://t.co/ZjufbZOGpe,0.0,0.0,0.0,1.0
@NYT,93,Wed Nov 29 11:02:45 +0000 2017,"Philippines Killed Communist Rebels Near Manila, Military Says. https://t.co/LmI1OL6Hx4",-0.743,0.0,0.474,0.526
@NYT,94,Wed Nov 29 10:51:44 +0000 2017,Feature: ‚ÄòThey Will Have to Answer to Us‚Äô. https://t.co/knQqiQY91C,0.0,0.0,0.0,1.0
@NYT,95,Wed Nov 29 10:50:45 +0000 2017,The Ethicist: Should I Keep Working for a Raging Bigot?. https://t.co/vHdfkJBnnk,-0.5267,0.0,0.298,0.702
@NYT,96,Wed Nov 29 10:49:45 +0000 2017,"Best of Late Night: Bernie Sanders Is Nominated for a Grammy, and Late Night Takes the Bait. https://t.co/68nT95l8sr",0.6369,0.208,0.0,0.792
@NYT,97,Wed Nov 29 10:48:45 +0000 2017,Talk: Cornel West Doesn‚Äôt Want to Be a Neoliberal Darling. https://t.co/P73q9dTsNe,0.6249,0.389,0.0,0.611
@NYT,98,Wed Nov 29 10:39:44 +0000 2017,Roundup: Travel Books Take You There and Back. https://t.co/OoOtJeAPIf,0.0,0.0,0.0,1.0
@NYT,99,Wed Nov 29 10:38:44 +0000 2017,"Roundup: Rock ‚Äôn‚Äô Roll, Between the Covers. https://t.co/O90ojks1ve",0.0,0.0,0.0,1.0
